Store ,StreetNum,Crime,,Full Address,,,
Target,14823,COMMERCIAL ROBBERY - WEAPON USED,,"14823 Pomerado Rd, Poway, CA 92064",,,
Target,14823,SHOPLIFTING,,"14823 Pomerado Rd, Poway, CA 92064",,,
Target,14823,VEHICLE BREAK-IN/THEFT,,"14823 Pomerado Rd, Poway, CA 92064",,,
Target,14823,PETTY THEFT(SHOPLIFT),,"14823 Pomerado Rd, Poway, CA 92064",,,
Target,14823,PETTY THEFT(SHOPLIFT),,"14823 Pomerado Rd, Poway, CA 92064",,,
Target,14823,ELDER ABUSE/NEGLECT,,"14823 Pomerado Rd, Poway, CA 92064",,,
Target,14823,PETTY THEFT(SHOPLIFT),,"14823 Pomerado Rd, Poway, CA 92064",,,
Target,14823,COMMERCIAL BURGLARY,,"14823 Pomerado Rd, Poway, CA 92064",,,
Target,14823,SHOPLIFTING,,"14823 Pomerado Rd, Poway, CA 92064",,,
Target,14823,PETTY THEFT(ALL OTHER LARCENY),,"14823 Pomerado Rd, Poway, CA 92064",,,
Target,14823,FRAUD,,"14823 Pomerado Rd, Poway, CA 92064",,,
Target,14823,DISORD CONDUCT:ALC,,"14823 Pomerado Rd, Poway, CA 92064",,,
Target,14823,SHOPLIFTING,,"14823 Pomerado Rd, Poway, CA 92064",,,
Target,14823,POSSESS CONTROLLED SUBSTANCE (M),,"14823 Pomerado Rd, Poway, CA 92064",,,
Target,14823,RESIDENTIAL BURGLARY,,"14823 Pomerado Rd, Poway, CA 92064",,,
Target,14823,TAKE VEHICLE W/O OWNER'S CONSENT/VEHICLE THEFT (F),,"14823 Pomerado Rd, Poway, CA 92064",,,
Target,14823,SHOPLIFTING (M),,"14823 Pomerado Rd, Poway, CA 92064",,,
Target,14823,DUI ALCOHOL (M),,"14823 Pomerado Rd, Poway, CA 92064",,,
Target,14823,DUI ALCOHOL (M),,"14823 Pomerado Rd, Poway, CA 92064",,,
Target,14823,POSS CONTROLLED SUBS PARAPHERNALIA (M),,"14823 Pomerado Rd, Poway, CA 92064",,,
Target,14823,PETTY THEFT(Shoplift) (M),,"14823 Pomerado Rd, Poway, CA 92064",,,
Target,14823,PETTY THEFT(Shoplift) (M),,"14823 Pomerado Rd, Poway, CA 92064",,,
Target,17170,SIMPLE BATTERY (M),,"17170 Camino Del Sur, San Diego, CA 92127",,,
Target,17170,VANDALISM ($400 OR MORE) (F),,"17170 Camino Del Sur, San Diego, CA 92127",,,
Target,17170,FRAUD,,"17170 Camino Del Sur, San Diego, CA 92127",,,
Target,17170,VANDALISM ($400 OR MORE) (F),,"17170 Camino Del Sur, San Diego, CA 92127",,,
Target,17170,GRAND THEFT (Shoplifting) (F),,"17170 Camino Del Sur, San Diego, CA 92127",,,
Target,17170,RESIDENTIAL BURGLARY,,"17170 Camino Del Sur, San Diego, CA 92127",,,
Target,17170,RESIDENTIAL BURGLARY,,"17170 Camino Del Sur, San Diego, CA 92127",,,
Target,17170,PETTY THEFT(Shoplift) (M),,"17170 Camino Del Sur, San Diego, CA 92127",,,
Target,17170,COMMERCIAL BURGLARY,,"17170 Camino Del Sur, San Diego, CA 92127",,,
Target,17170,COMMERCIAL BURGLARY,,"17170 Camino Del Sur, San Diego, CA 92127",,,
Target,17170,PETTY THEFT(Shoplift) (M),,"17170 Camino Del Sur, San Diego, CA 92127",,,
Target,17170,PETTY THEFT(Shoplift) (M),,"17170 Camino Del Sur, San Diego, CA 92127",,,
Target,17170,PETTY THEFT(Shoplift) (M),,"17170 Camino Del Sur, San Diego, CA 92127",,,
Target,17170,VANDALISM ($400 OR MORE) (F),,"17170 Camino Del Sur, San Diego, CA 92127",,,
Target,17170,PETTY THEFT(All Other Larceny) (M),,"17170 Camino Del Sur, San Diego, CA 92127",,,
Target,17170,COMMERCIAL BURGLARY,,"17170 Camino Del Sur, San Diego, CA 92127",,,
Target,17170,GRAND THEFT:MONEY/LABOR/PROPERTY (F),,"17170 Camino Del Sur, San Diego, CA 92127",,,
Target,17170,SIMPLE BATTERY (M),,"17170 Camino Del Sur, San Diego, CA 92127",,,
Target,17170,PETTY THEFT(Shoplift) (M),,"17170 Camino Del Sur, San Diego, CA 92127",,,
Target,17170,SHOPLIFTING (M),,"17170 Camino Del Sur, San Diego, CA 92127",,,
Target,17170,BATTERY ON PERSON (M),,"17170 Camino Del Sur, San Diego, CA 92127",,,
Target,17170,GRAND THEFT:MONEY/LABOR/PROPERTY (F),,"17170 Camino Del Sur, San Diego, CA 92127",,,
Target,17170,GRAND THEFT:AUTO,,"17170 Camino Del Sur, San Diego, CA 92127",,,
Target,17170,VEHICLE BREAK-IN/THEFT,,"17170 Camino Del Sur, San Diego, CA 92127",,,
Target,17170,VEHICLE BREAK-IN/THEFT,,"17170 Camino Del Sur, San Diego, CA 92127",,,
Target,17170,SPOUSAL/COHABITANT ABUSE WITH MINOR INJURY (F),,"17170 Camino Del Sur, San Diego, CA 92127",,,
Target,17170,GRAND THEFT:MONEY/LABOR/PROPERTY (F),,"17170 Camino Del Sur, San Diego, CA 92127",,,
Target,17170,PETTY THEFT(All Other Larceny) (M),,"17170 Camino Del Sur, San Diego, CA 92127",,,
Target,17170,FRAUD,,"17170 Camino Del Sur, San Diego, CA 92127",,,
Target,17170,COMMERCIAL BURGLARY,,"17170 Camino Del Sur, San Diego, CA 92127",,,
Target,17170,PETTY THEFT(All Other Larceny) (M),,"17170 Camino Del Sur, San Diego, CA 92127",,,
Target,280,GRAND THEFT:MONEY/LABOR/PROPERTY (F),,"280 E Via Rancho Pkwy, Escondido, CA 92025",,,
Target,280,PETTY THEFT(Shoplift) (M),,"280 E Via Rancho Pkwy, Escondido, CA 92025",,,
Target,280,DISORD CONDUCT:ALC (M),,"280 E Via Rancho Pkwy, Escondido, CA 92025",,,
Target,280,PETTY THEFT(Shoplift) (M),,"280 E Via Rancho Pkwy, Escondido, CA 92025",,,
Target,280,POSS CONTROLLED SUBS FOR SALE,,"280 E Via Rancho Pkwy, Escondido, CA 92025",,,
Target,280,POSSESS CONTROLLED SUBSTANCE,,"280 E Via Rancho Pkwy, Escondido, CA 92025",,,
Target,280,GRAND THEFT (Shoplifting) (F),,"280 E Via Rancho Pkwy, Escondido, CA 92025",,,
Target,280,SHOPLIFTING (M),,"280 E Via Rancho Pkwy, Escondido, CA 92025",,,
Target,280,PETTY THEFT(Shoplift) (M),,"280 E Via Rancho Pkwy, Escondido, CA 92025",,,
Target,280,VANDALISM ($400 OR MORE) (F),,"280 E Via Rancho Pkwy, Escondido, CA 92025",,,
Target,280,PETTY THEFT(Shoplift) (M),,"280 E Via Rancho Pkwy, Escondido, CA 92025",,,
Target,280,SHOPLIFTING (M),,"280 E Via Rancho Pkwy, Escondido, CA 92025",,,
Target,280,PETTY THEFT(Shoplift) (M),,"280 E Via Rancho Pkwy, Escondido, CA 92025",,,
Target,280,PETTY THEFT(All Other Larceny) (M),,"280 E Via Rancho Pkwy, Escondido, CA 92025",,,
Target,280,PETTY THEFT(Shoplift) (M),,"280 E Via Rancho Pkwy, Escondido, CA 92025",,,
Target,280,PETTY THEFT(Shoplift) (M),,"280 E Via Rancho Pkwy, Escondido, CA 92025",,,
Target,280,SHOPLIFTING (M),,"280 E Via Rancho Pkwy, Escondido, CA 92025",,,
Target,280,SHOPLIFTING (M),,"280 E Via Rancho Pkwy, Escondido, CA 92025",,,
Target,280,GRAND THEFT (Shoplifting) (F),,"280 E Via Rancho Pkwy, Escondido, CA 92025",,,
Target,280,PETTY THEFT(All Other Larceny) (M),,"280 E Via Rancho Pkwy, Escondido, CA 92025",,,
Target,280,SHOPLIFTING (M),,"280 E Via Rancho Pkwy, Escondido, CA 92025",,,
Target,280,PETTY THEFT (SHOPLIFT) W/2+ PRIOR CONVICTIONS (M),,"280 E Via Rancho Pkwy, Escondido, CA 92025",,,
Target,280,GRAND THEFT (Shoplifting) (F),,"280 E Via Rancho Pkwy, Escondido, CA 92025",,,
Target,280,COMMERCIAL ROBBERY - NO WEAPON,,"280 E Via Rancho Pkwy, Escondido, CA 92025",,,
Target,280,PETTY THEFT(Shoplift) (M),,"280 E Via Rancho Pkwy, Escondido, CA 92025",,,
Target,280,PETTY THEFT (SHOPLIFT) W/2+ PRIOR CONVICTIONS (M),,"280 E Via Rancho Pkwy, Escondido, CA 92025",,,
Target,280,PETTY THEFT(Shoplift) (M),,"280 E Via Rancho Pkwy, Escondido, CA 92025",,,
Target,280,GRAND THEFT (Shoplifting) (F),,"280 E Via Rancho Pkwy, Escondido, CA 92025",,,
Target,280,GRAND THEFT (Shoplifting) (F),,"280 E Via Rancho Pkwy, Escondido, CA 92025",,,
Target,280,SHOPLIFTING (M),,"280 E Via Rancho Pkwy, Escondido, CA 92025",,,
Target,280,SHOPLIFTING (M),,"280 E Via Rancho Pkwy, Escondido, CA 92025",,,
Target,280,PETTY THEFT(All Other Larceny) (M),,"280 E Via Rancho Pkwy, Escondido, CA 92025",,,
Target,280,PETTY THEFT(Shoplift) (M),,"280 E Via Rancho Pkwy, Escondido, CA 92025",,,
Target,280,GRAND THEFT (Shoplifting) (F),,"280 E Via Rancho Pkwy, Escondido, CA 92025",,,
Target,280,SHOPLIFTING (M),,"280 E Via Rancho Pkwy, Escondido, CA 92025",,,
Target,280,PETTY THEFT(Shoplift) (M),,"280 E Via Rancho Pkwy, Escondido, CA 92025",,,
Target,280,SHOPLIFTING (M),,"280 E Via Rancho Pkwy, Escondido, CA 92025",,,
Target,280,SHOPLIFTING (M),,"280 E Via Rancho Pkwy, Escondido, CA 92025",,,
Target,280,SHOPLIFTING (M),,"280 E Via Rancho Pkwy, Escondido, CA 92025",,,
Target,280,VEHICLE BREAK-IN/THEFT,,"280 E Via Rancho Pkwy, Escondido, CA 92025",,,
Target,280,GRAND THEFT (Shoplifting) (F),,"280 E Via Rancho Pkwy, Escondido, CA 92025",,,
Target,280,PETTY THEFT(All Other Larceny) (M),,"280 E Via Rancho Pkwy, Escondido, CA 92025",,,
Target,280,SHOPLIFTING (M),,"280 E Via Rancho Pkwy, Escondido, CA 92025",,,
Target,280,SHOPLIFTING (M),,"280 E Via Rancho Pkwy, Escondido, CA 92025",,,
Target,280,SHOPLIFTING (M),,"280 E Via Rancho Pkwy, Escondido, CA 92025",,,
Target,280,SHOPLIFTING (M),,"280 E Via Rancho Pkwy, Escondido, CA 92025",,,
Target,280,PETTY THEFT(Shoplift) (M),,"280 E Via Rancho Pkwy, Escondido, CA 92025",,,
Target,280,GRAND THEFT (Shoplifting) (F),,"280 E Via Rancho Pkwy, Escondido, CA 92025",,,
Target,280,POSS NARCOTIC CONTROLLED SUBS (M),,"280 E Via Rancho Pkwy, Escondido, CA 92025",,,
Target,280,PETTY THEFT(Shoplift) (M),,"280 E Via Rancho Pkwy, Escondido, CA 92025",,,
Target,280,PETTY THEFT W/2 PRIOR CONVICTIONS (F),,"280 E Via Rancho Pkwy, Escondido, CA 92025",,,
Target,280,SHOPLIFTING (M),,"280 E Via Rancho Pkwy, Escondido, CA 92025",,,
Target,280,SHOPLIFTING (M),,"280 E Via Rancho Pkwy, Escondido, CA 92025",,,
Target,280,PETTY THEFT(Shoplift) (M),,"280 E Via Rancho Pkwy, Escondido, CA 92025",,,
Target,280,PETTY THEFT(Shoplift) (M),,"280 E Via Rancho Pkwy, Escondido, CA 92025",,,
Target,280,PETTY THEFT(Shoplift) (M),,"280 E Via Rancho Pkwy, Escondido, CA 92025",,,
Target,280,PETTY THEFT(Shoplift) (M),,"280 E Via Rancho Pkwy, Escondido, CA 92025",,,
Target,280,PETTY THEFT(All Other Larceny) (M),,"280 E Via Rancho Pkwy, Escondido, CA 92025",,,
Target,280,DISORD CONDUCT:ALC (M),,"280 E Via Rancho Pkwy, Escondido, CA 92025",,,
Target,280,PETTY THEFT(Shoplift) (M),,"280 E Via Rancho Pkwy, Escondido, CA 92025",,,
Target,280,PETTY THEFT(Shoplift) (M),,"280 E Via Rancho Pkwy, Escondido, CA 92025",,,
Target,280,GRAND THEFT (Shoplifting) (F),,"280 E Via Rancho Pkwy, Escondido, CA 92025",,,
Target,280,PETTY THEFT(Shoplift) (M),,"280 E Via Rancho Pkwy, Escondido, CA 92025",,,
Target,280,PETTY THEFT(Shoplift) (M),,"280 E Via Rancho Pkwy, Escondido, CA 92025",,,
Target,280,PETTY THEFT(Shoplift) (M),,"280 E Via Rancho Pkwy, Escondido, CA 92025",,,
Target,280,GRAND THEFT (Shoplifting) (F),,"280 E Via Rancho Pkwy, Escondido, CA 92025",,,
Target,280,PETTY THEFT(Shoplift) (M),,"280 E Via Rancho Pkwy, Escondido, CA 92025",,,
Target,280,PETTY THEFT(Shoplift) (M),,"280 E Via Rancho Pkwy, Escondido, CA 92025",,,
Target,280,PETTY THEFT(Shoplift) (M),,"280 E Via Rancho Pkwy, Escondido, CA 92025",,,
Target,280,SHOPLIFTING (M),,"280 E Via Rancho Pkwy, Escondido, CA 92025",,,
Target,280,PETTY THEFT(Shoplift) (M),,"280 E Via Rancho Pkwy, Escondido, CA 92025",,,
Target,280,PETTY THEFT(Shoplift) (M),,"280 E Via Rancho Pkwy, Escondido, CA 92025",,,
Target,280,PETTY THEFT(Shoplift) (M),,"280 E Via Rancho Pkwy, Escondido, CA 92025",,,
Target,280,EXHIBIT DEADLY WEAPON OTHER THAN FIREARM (M),,"280 E Via Rancho Pkwy, Escondido, CA 92025",,,
Target,280,PETTY THEFT(Shoplift) (M),,"280 E Via Rancho Pkwy, Escondido, CA 92025",,,
Target,280,PETTY THEFT(Shoplift) (M),,"280 E Via Rancho Pkwy, Escondido, CA 92025",,,
Target,280,DISORDERLY CONDUCT:INTOX DRUG WITH ALCOHOL (M),,"280 E Via Rancho Pkwy, Escondido, CA 92025",,,
Target,280,PETTY THEFT(All Other Larceny) (M),,"280 E Via Rancho Pkwy, Escondido, CA 92025",,,
Target,280,PETTY THEFT(All Other Larceny) (M),,"280 E Via Rancho Pkwy, Escondido, CA 92025",,,
Target,280,COMMERCIAL ROBBERY - NO WEAPON,,"280 E Via Rancho Pkwy, Escondido, CA 92025",,,
Target,280,PETTY THEFT(All Other Larceny) (M),,"280 E Via Rancho Pkwy, Escondido, CA 92025",,,
Target,280,PETTY THEFT(Shoplift) (M),,"280 E Via Rancho Pkwy, Escondido, CA 92025",,,
Target,280,FRAUD,,"280 E Via Rancho Pkwy, Escondido, CA 92025",,,
Target,280,PETTY THEFT(Shoplift) (M),,"280 E Via Rancho Pkwy, Escondido, CA 92025",,,
Target,280,PETTY THEFT(Shoplift) (M),,"280 E Via Rancho Pkwy, Escondido, CA 92025",,,
Target,280,PETTY THEFT(All Other Larceny) (M),,"280 E Via Rancho Pkwy, Escondido, CA 92025",,,
Target,280,PETTY THEFT(Shoplift) (M),,"280 E Via Rancho Pkwy, Escondido, CA 92025",,,
Target,280,GRAND THEFT (Shoplifting) (F),,"280 E Via Rancho Pkwy, Escondido, CA 92025",,,
Target,280,PETTY THEFT(Shoplift) (M),,"280 E Via Rancho Pkwy, Escondido, CA 92025",,,
Target,280,SHOPLIFTING (M),,"280 E Via Rancho Pkwy, Escondido, CA 92025",,,
Target,280,PETTY THEFT(Shoplift) (M),,"280 E Via Rancho Pkwy, Escondido, CA 92025",,,
Target,280,SHOPLIFTING (M),,"280 E Via Rancho Pkwy, Escondido, CA 92025",,,
Target,280,PETTY THEFT(Shoplift) (M),,"280 E Via Rancho Pkwy, Escondido, CA 92025",,,
Target,280,SHOPLIFTING (M),,"280 E Via Rancho Pkwy, Escondido, CA 92025",,,
Target,280,PETTY THEFT(All Other Larceny) (M),,"280 E Via Rancho Pkwy, Escondido, CA 92025",,,
Target,280,DUI ALCOHOL (M),,"280 E Via Rancho Pkwy, Escondido, CA 92025",,,
Target,280,PETTY THEFT(Shoplift) (M),,"280 E Via Rancho Pkwy, Escondido, CA 92025",,,
Target,280,PETTY THEFT(Shoplift) (M),,"280 E Via Rancho Pkwy, Escondido, CA 92025",,,
Target,280,GRAND THEFT (Shoplifting) (F),,"280 E Via Rancho Pkwy, Escondido, CA 92025",,,
Target,280,GRAND THEFT (Shoplifting) (F),,"280 E Via Rancho Pkwy, Escondido, CA 92025",,,
Target,280,VEHICLE BREAK-IN/THEFT,,"280 E Via Rancho Pkwy, Escondido, CA 92025",,,
Target,280,PETTY THEFT(Shoplift) (M),,"280 E Via Rancho Pkwy, Escondido, CA 92025",,,
Target,280,SHOPLIFTING (M),,"280 E Via Rancho Pkwy, Escondido, CA 92025",,,
Target,280,PETTY THEFT(Shoplift) (M),,"280 E Via Rancho Pkwy, Escondido, CA 92025",,,
Target,280,PETTY THEFT(Shoplift) (M),,"280 E Via Rancho Pkwy, Escondido, CA 92025",,,
Target,280,PETTY THEFT(Shoplift) (M),,"280 E Via Rancho Pkwy, Escondido, CA 92025",,,
Target,280,SHOPLIFTING (M),,"280 E Via Rancho Pkwy, Escondido, CA 92025",,,
Target,280,POSS CONTROLLED SUBS PARAPHERNALIA (M),,"280 E Via Rancho Pkwy, Escondido, CA 92025",,,
Target,280,PETTY THEFT(Shoplift) (M),,"280 E Via Rancho Pkwy, Escondido, CA 92025",,,
Target,280,GRAND THEFT (Shoplifting) (F),,"280 E Via Rancho Pkwy, Escondido, CA 92025",,,
Target,280,PETTY THEFT(All Other Larceny) (M),,"280 E Via Rancho Pkwy, Escondido, CA 92025",,,
Target,280,PETTY THEFT(Shoplift) (M),,"280 E Via Rancho Pkwy, Escondido, CA 92025",,,
Target,280,COMMERCIAL BURGLARY,,"280 E Via Rancho Pkwy, Escondido, CA 92025",,,
Target,280,SHOPLIFTING (M),,"280 E Via Rancho Pkwy, Escondido, CA 92025",,,
Target,280,SHOPLIFTING (M),,"280 E Via Rancho Pkwy, Escondido, CA 92025",,,
Target,280,COMMERCIAL BURGLARY,,"280 E Via Rancho Pkwy, Escondido, CA 92025",,,
Target,280,PETTY THEFT(Shoplift) (M),,"280 E Via Rancho Pkwy, Escondido, CA 92025",,,
Target,280,PETTY THEFT(Shoplift) (M),,"280 E Via Rancho Pkwy, Escondido, CA 92025",,,
Target,280,GRAND THEFT (Shoplifting) (F),,"280 E Via Rancho Pkwy, Escondido, CA 92025",,,
Target,280,GRAND THEFT (Shoplifting) (F),,"280 E Via Rancho Pkwy, Escondido, CA 92025",,,
Target,280,PETTY THEFT(Shoplift) (M),,"280 E Via Rancho Pkwy, Escondido, CA 92025",,,
Target,280,PETTY THEFT(Shoplift) (M),,"280 E Via Rancho Pkwy, Escondido, CA 92025",,,
Target,280,PETTY THEFT(Shoplift) (M),,"280 E Via Rancho Pkwy, Escondido, CA 92025",,,
Target,280,PETTY THEFT(Shoplift) (M),,"280 E Via Rancho Pkwy, Escondido, CA 92025",,,
Target,280,COMMERCIAL ROBBERY - NO WEAPON,,"280 E Via Rancho Pkwy, Escondido, CA 92025",,,
Target,280,VEHICLE BREAK-IN/THEFT,,"280 E Via Rancho Pkwy, Escondido, CA 92025",,,
Target,280,PETTY THEFT(Shoplift) (M),,"280 E Via Rancho Pkwy, Escondido, CA 92025",,,
Target,280,PETTY THEFT(Shoplift) (M),,"280 E Via Rancho Pkwy, Escondido, CA 92025",,,
Target,280,BURGLARY (COMMERCIAL) (F),,"280 E Via Rancho Pkwy, Escondido, CA 92025",,,
Target,280,ARSON:STRUCTURE/FOREST LAND (F),,"280 E Via Rancho Pkwy, Escondido, CA 92025",,,
Target,280,PETTY THEFT(Shoplift) (M),,"280 E Via Rancho Pkwy, Escondido, CA 92025",,,
Target,280,COMMERCIAL ROBBERY - NO WEAPON,,"280 E Via Rancho Pkwy, Escondido, CA 92025",,,
Target,280,GRAND THEFT (Shoplifting) (F),,"280 E Via Rancho Pkwy, Escondido, CA 92025",,,
Target,280,PETTY THEFT(Shoplift) (M),,"280 E Via Rancho Pkwy, Escondido, CA 92025",,,
Target,280,GRAND THEFT (Shoplifting) (F),,"280 E Via Rancho Pkwy, Escondido, CA 92025",,,
Target,280,VEHICLE BREAK-IN/THEFT,,"280 E Via Rancho Pkwy, Escondido, CA 92025",,,
Target,280,PETTY THEFT(Shoplift) (M),,"280 E Via Rancho Pkwy, Escondido, CA 92025",,,
Target,280,GRAND THEFT (Shoplifting) (F),,"280 E Via Rancho Pkwy, Escondido, CA 92025",,,
Target,280,PETTY THEFT(Shoplift) (M),,"280 E Via Rancho Pkwy, Escondido, CA 92025",,,
Target,280,PETTY THEFT(Shoplift) (M),,"280 E Via Rancho Pkwy, Escondido, CA 92025",,,
Target,280,PETTY THEFT(Shoplift) (M),,"280 E Via Rancho Pkwy, Escondido, CA 92025",,,
Target,280,CAUSE HARM/DEATH OF ELDER /DEPENDENT ADULT (F),,"280 E Via Rancho Pkwy, Escondido, CA 92025",,,
Target,280,FRAUD,,"280 E Via Rancho Pkwy, Escondido, CA 92025",,,
Target,280,COMMERCIAL BURGLARY,,"280 E Via Rancho Pkwy, Escondido, CA 92025",,,
Target,280,PETTY THEFT(Shoplift) (M),,"280 E Via Rancho Pkwy, Escondido, CA 92025",,,
Target,280,GRAND THEFT:AUTO (F),,"280 E Via Rancho Pkwy, Escondido, CA 92025",,,
Target,280,PETTY THEFT(All Other Larceny) (M),,"280 E Via Rancho Pkwy, Escondido, CA 92025",,,
Target,280,GRAND THEFT (Shoplifting) (F),,"280 E Via Rancho Pkwy, Escondido, CA 92025",,,
Target,280,PETTY THEFT(Shoplift) (M),,"280 E Via Rancho Pkwy, Escondido, CA 92025",,,
Target,280,GRAND THEFT (Shoplifting) (F),,"280 E Via Rancho Pkwy, Escondido, CA 92025",,,
Target,280,PETTY THEFT(from Building) (M),,"280 E Via Rancho Pkwy, Escondido, CA 92025",,,
Target,280,SHOPLIFTING (M),,"280 E Via Rancho Pkwy, Escondido, CA 92025",,,
Target,280,PETTY THEFT(Shoplift) (M),,"280 E Via Rancho Pkwy, Escondido, CA 92025",,,
Target,280,PETTY THEFT(Shoplift) (M),,"280 E Via Rancho Pkwy, Escondido, CA 92025",,,
Target,280,PETTY THEFT(Shoplift) (M),,"280 E Via Rancho Pkwy, Escondido, CA 92025",,,
Target,280,PETTY THEFT(Shoplift) (M),,"280 E Via Rancho Pkwy, Escondido, CA 92025",,,
Target,1280,SHOPLIFTING (M),,"1280 Auto Park Way, Escondido, CA 92029",,,
Target,1280,COMMERCIAL BURGLARY,,"1280 Auto Park Way, Escondido, CA 92029",,,
Target,1280,SIMPLE BATTERY (M),,"1280 Auto Park Way, Escondido, CA 92029",,,
Target,1280,USE/UNDER INFL OF CONTROLLED SUBS (M),,"1280 Auto Park Way, Escondido, CA 92029",,,
Target,1280,PETTY THEFT(Shoplift) (M),,"1280 Auto Park Way, Escondido, CA 92029",,,
Target,1280,POSS CONTROLLED SUBS PARAPHERNALIA (M),,"1280 Auto Park Way, Escondido, CA 92029",,,
Target,1280,POSS NARCOTIC CONTROLLED SUBS (M),,"1280 Auto Park Way, Escondido, CA 92029",,,
Target,1280,VANDALISM ($400 OR MORE) (F),,"1280 Auto Park Way, Escondido, CA 92029",,,
Target,1280,GRAND THEFT:MONEY/LABOR/PROPERTY (F),,"1280 Auto Park Way, Escondido, CA 92029",,,
Target,1280,POSS NARCOTIC CONTROLLED SUBS (M),,"1280 Auto Park Way, Escondido, CA 92029",,,
Target,1280,PETTY THEFT(Shoplift) (M),,"1280 Auto Park Way, Escondido, CA 92029",,,
Target,1280,VEHICLE BREAK-IN/THEFT,,"1280 Auto Park Way, Escondido, CA 92029",,,
Target,1280,GRAND THEFT (SHOPLIFT) W/2+ PRIOR CONVICTIONS (F),,"1280 Auto Park Way, Escondido, CA 92029",,,
Target,1280,POSSESS CONTROLLED SUBSTANCE (M),,"1280 Auto Park Way, Escondido, CA 92029",,,
Target,1280,DISORDERLY CONDUCT:INTOX DRUG WITH ALCOHOL (M),,"1280 Auto Park Way, Escondido, CA 92029",,,
Target,1280,PETTY THEFT(Shoplift) (M),,"1280 Auto Park Way, Escondido, CA 92029",,,
Target,1280,PETTY THEFT(Shoplift) (M),,"1280 Auto Park Way, Escondido, CA 92029",,,
Target,1280,POSS CONTROLLED SUBS PARAPHERNALIA (M),,"1280 Auto Park Way, Escondido, CA 92029",,,
Target,1280,DUI ALCOHOL (M),,"1280 Auto Park Way, Escondido, CA 92029",,,
Target,1280,CARRY CONCEALED DIRK OR DAGGER (F),,"1280 Auto Park Way, Escondido, CA 92029",,,
Target,1280,PROSTITUTION,,"1280 Auto Park Way, Escondido, CA 92029",,,
Target,1280,OTHER SEX CRIME,,"1280 Auto Park Way, Escondido, CA 92029",,,
Target,1280,STREET ROBBERY - WEAPON USED,,"1280 Auto Park Way, Escondido, CA 92029",,,
Target,1280,PETTY THEFT(Shoplift) (M),,"1280 Auto Park Way, Escondido, CA 92029",,,
Target,1280,GRAND THEFT (ALL OTHER LARCENY) W/2+ PRIOR CONVICTIONS (F),,"1280 Auto Park Way, Escondido, CA 92029",,,
Target,1280,COMMERCIAL BURGLARY,,"1280 Auto Park Way, Escondido, CA 92029",,,
Target,1280,GRAND THEFT (Shoplifting) (F),,"1280 Auto Park Way, Escondido, CA 92029",,,
Target,1280,DUI DRUG (M),,"1280 Auto Park Way, Escondido, CA 92029",,,
Target,1280,PETTY THEFT (SHOPLIFT) W/2+ PRIOR CONVICTIONS (M),,"1280 Auto Park Way, Escondido, CA 92029",,,
Target,1280,PETTY THEFT(Shoplift) (M),,"1280 Auto Park Way, Escondido, CA 92029",,,
Target,1280,PETTY THEFT(Shoplift) (M),,"1280 Auto Park Way, Escondido, CA 92029",,,
Target,1280,DISORD CONDUCT:ALC (M),,"1280 Auto Park Way, Escondido, CA 92029",,,
Target,1280,PETTY THEFT(All Other Larceny) (M),,"1280 Auto Park Way, Escondido, CA 92029",,,
Target,1280,TREATMENT-MANDATED HARD DRUGS W/2 OR MORE PRIOR CONVICTIONS (M),,"1280 Auto Park Way, Escondido, CA 92029",,,
Target,1280,PETTY THEFT(Shoplift) (M),,"1280 Auto Park Way, Escondido, CA 92029",,,
Target,1280,FRAUD,,"1280 Auto Park Way, Escondido, CA 92029",,,
Target,1280,DISORDERLY CONDUCT:UNDER INFLUENCE OF DRUG (M),,"1280 Auto Park Way, Escondido, CA 92029",,,
Target,1280,POSSESS CONTROLLED SUBSTANCE (M),,"1280 Auto Park Way, Escondido, CA 92029",,,
Target,1280,POSS CONTROLLED SUBS PARAPHERNALIA (M),,"1280 Auto Park Way, Escondido, CA 92029",,,
Target,1280,USE/UNDER INFL OF CONTROLLED SUBS (M),,"1280 Auto Park Way, Escondido, CA 92029",,,
Target,1280,ASSAULT W/DEADLY WEAPON:NOT F/ARM (F),,"1280 Auto Park Way, Escondido, CA 92029",,,
Target,1280,PETTY THEFT(Shoplift) (M),,"1280 Auto Park Way, Escondido, CA 92029",,,
Target,1280,SHOPLIFTING (M),,"1280 Auto Park Way, Escondido, CA 92029",,,
Target,1280,SHOPLIFTING (M),,"1280 Auto Park Way, Escondido, CA 92029",,,
Target,1280,COMMERCIAL BURGLARY,,"1280 Auto Park Way, Escondido, CA 92029",,,
Target,1280,POSS CONTROLLED SUBS PARAPHERNALIA (M),,"1280 Auto Park Way, Escondido, CA 92029",,,
Target,1280,SIMPLE BATTERY (M),,"1280 Auto Park Way, Escondido, CA 92029",,,
Target,1280,POSSESS/PURCHASE FOR SALE NARCOTIC/CONTROLLED SUBSTANCE (F),,"1280 Auto Park Way, Escondido, CA 92029",,,
Target,1280,PETTY THEFT(All Other Larceny) (M),,"1280 Auto Park Way, Escondido, CA 92029",,,
Target,1280,SHOPLIFTING (M),,"1280 Auto Park Way, Escondido, CA 92029",,,
Target,1280,DUI ALCOHOL (M),,"1280 Auto Park Way, Escondido, CA 92029",,,
Target,1280,PETTY THEFT(from Building) (M),,"1280 Auto Park Way, Escondido, CA 92029",,,
Target,1280,TAKE VEHICLE W/O OWNER'S CONSENT/VEHICLE THEFT (F),,"1280 Auto Park Way, Escondido, CA 92029",,,
Target,1280,SHOPLIFTING (M),,"1280 Auto Park Way, Escondido, CA 92029",,,
Target,1280,SHOPLIFTING (M),,"1280 Auto Park Way, Escondido, CA 92029",,,
Target,1280,VANDALISM ($400 OR MORE) (F),,"1280 Auto Park Way, Escondido, CA 92029",,,
Target,1280,USE/UNDER INFL OF CONTROLLED SUBS (M),,"1280 Auto Park Way, Escondido, CA 92029",,,
Target,1280,PETTY THEFT(Shoplift) (M),,"1280 Auto Park Way, Escondido, CA 92029",,,
Target,1280,DUI ALCOHOL (M),,"1280 Auto Park Way, Escondido, CA 92029",,,
Target,1280,GRAND THEFT (SHOPLIFT) W/2+ PRIOR CONVICTIONS (F),,"1280 Auto Park Way, Escondido, CA 92029",,,
Target,1280,DISORD CONDUCT:ALC (M),,"1280 Auto Park Way, Escondido, CA 92029",,,
Target,1280,POSS NARCOTIC CONTROLLED SUBS (M),,"1280 Auto Park Way, Escondido, CA 92029",,,
Target,1280,TAKE VEHICLE W/O OWNER'S CONSENT/VEHICLE THEFT (F),,"1280 Auto Park Way, Escondido, CA 92029",,,
Target,1280,DUI ALCOHOL (M),,"1280 Auto Park Way, Escondido, CA 92029",,,
Target,1280,PETTY THEFT(Shoplift) (M),,"1280 Auto Park Way, Escondido, CA 92029",,,
Target,1280,COMMERCIAL ROBBERY - WEAPON USED,,"1280 Auto Park Way, Escondido, CA 92029",,,
Target,1280,GRAND THEFT (Shoplifting) (F),,"1280 Auto Park Way, Escondido, CA 92029",,,
Target,1280,PETTY THEFT(All Other Larceny) (M),,"1280 Auto Park Way, Escondido, CA 92029",,,
Target,1280,STALKING (F),,"1280 Auto Park Way, Escondido, CA 92029",,,
Target,1280,DISORDERLY CONDUCT:UNDER INFLUENCE OF DRUG (M),,"1280 Auto Park Way, Escondido, CA 92029",,,
Target,1280,PETTY THEFT(from Building) (M),,"1280 Auto Park Way, Escondido, CA 92029",,,
Target,1280,GRAND THEFT (SHOPLIFT) W/2+ PRIOR CONVICTIONS (F),,"1280 Auto Park Way, Escondido, CA 92029",,,
Target,1280,VEHICLE BREAK-IN/THEFT,,"1280 Auto Park Way, Escondido, CA 92029",,,
Target,1280,USE/UNDER INFL OF CONTROLLED SUBS (M),,"1280 Auto Park Way, Escondido, CA 92029",,,
Target,1280,GRAND THEFT:DOG [OVER $950] (F),,"1280 Auto Park Way, Escondido, CA 92029",,,
Target,1280,COMMERCIAL BURGLARY,,"1280 Auto Park Way, Escondido, CA 92029",,,
Target,1280,PETTY THEFT(All Other Larceny) (M),,"1280 Auto Park Way, Escondido, CA 92029",,,
Target,1280,PETTY THEFT(All Other Larceny) (M),,"1280 Auto Park Way, Escondido, CA 92029",,,
Target,1280,BURGLARY (COMMERCIAL) (F),,"1280 Auto Park Way, Escondido, CA 92029",,,
Target,1280,TAKE VEHICLE W/O OWNER'S CONSENT/VEHICLE THEFT (F),,"1280 Auto Park Way, Escondido, CA 92029",,,
Target,1280,TREATMENT-MANDATED FELONY HARD DRUGS W/2 PRIORS (F,,"1280 Auto Park Way, Escondido, CA 92029",,,
Target,1280,GRAND THEFT (SHOPLIFT) W/2+ PRIOR CONVICTIONS (F),,"1280 Auto Park Way, Escondido, CA 92029",,,
Target,1280,POSS NARCOTIC CONTROLLED SUBS (M),,"1280 Auto Park Way, Escondido, CA 92029",,,
Target,1280,VEHICLE BREAK-IN/THEFT,,"1280 Auto Park Way, Escondido, CA 92029",,,
Target,1280,PETTY THEFT(Shoplift) (M),,"1280 Auto Park Way, Escondido, CA 92029",,,
Target,1280,VEHICLE BREAK-IN/THEFT,,"1280 Auto Park Way, Escondido, CA 92029",,,
Target,1280,OTHER SEX CRIME,,"1280 Auto Park Way, Escondido, CA 92029",,,
Target,1280,PETTY THEFT(from Building) (M),,"1280 Auto Park Way, Escondido, CA 92029",,,
Target,1280,TREATMENT-MANDATED FELONY HARD DRUGS W/2 PRIORS (F,,"1280 Auto Park Way, Escondido, CA 92029",,,
Target,1280,POSSESS CONTROLLED SUBSTANCE (M),,"1280 Auto Park Way, Escondido, CA 92029",,,
Target,1280,DUI ALCOHOL (M),,"1280 Auto Park Way, Escondido, CA 92029",,,
Target,1280,PETTY THEFT(Shoplift) (M),,"1280 Auto Park Way, Escondido, CA 92029",,,
Target,1280,DISORD CONDUCT:ALC (M),,"1280 Auto Park Way, Escondido, CA 92029",,,
Target,1280,VANDALISM ($400 OR MORE) (F),,"1280 Auto Park Way, Escondido, CA 92029",,,
Target,1280,SHOOT AT INHABITED DWELLING/VEH (F),,"1280 Auto Park Way, Escondido, CA 92029",,,
Target,1280,SHOPLIFTING (M),,"1280 Auto Park Way, Escondido, CA 92029",,,
Target,1280,USE/UNDER INFL OF CONTROLLED SUBS (M),,"1280 Auto Park Way, Escondido, CA 92029",,,
Target,1280,BATTERY ON PERSON ON SCHOOL/HOSPITAL/PARK PROPERTY (M),,"1280 Auto Park Way, Escondido, CA 92029",,,
Target,1280,USE/UNDER INFL OF CONTROLLED SUBS (M),,"1280 Auto Park Way, Escondido, CA 92029",,,
Target,1280,SHOPLIFTING (M),,"1280 Auto Park Way, Escondido, CA 92029",,,
Target,1280,DISORDERLY CONDUCT:INTOX DRUG WITH ALCOHOL (M),,"1280 Auto Park Way, Escondido, CA 92029",,,
Target,1280,VEHICLE BREAK-IN/THEFT,,"1280 Auto Park Way, Escondido, CA 92029",,,
Target,1280,VEHICLE BREAK-IN/THEFT,,"1280 Auto Park Way, Escondido, CA 92029",,,
Target,1280,SHOPLIFTING (M),,"1280 Auto Park Way, Escondido, CA 92029",,,
Target,1280,COMMERCIAL BURGLARY,,"1280 Auto Park Way, Escondido, CA 92029",,,
Target,1280,PETTY THEFT(All Other Larceny) (M),,"1280 Auto Park Way, Escondido, CA 92029",,,
Target,1280,PETTY THEFT(Pocket Picking) (M),,"1280 Auto Park Way, Escondido, CA 92029",,,
Target,1280,PETTY THEFT(Shoplift) (M),,"1280 Auto Park Way, Escondido, CA 92029",,,
Target,1280,VEHICLE BREAK-IN/THEFT,,"1280 Auto Park Way, Escondido, CA 92029",,,
Target,1280,VANDALISM ($400 OR MORE) (F),,"1280 Auto Park Way, Escondido, CA 92029",,,
Target,1280,PETTY THEFT(All Other Larceny) (M),,"1280 Auto Park Way, Escondido, CA 92029",,,
Target,1280,GRAND THEFT (Shoplifting) (F),,"1280 Auto Park Way, Escondido, CA 92029",,,
Target,1280,USE/UNDER INFL OF CONTROLLED SUBS (M),,"1280 Auto Park Way, Escondido, CA 92029",,,
Target,1280,COMMERCIAL BURGLARY,,"1280 Auto Park Way, Escondido, CA 92029",,,
Target,1280,COMMERCIAL BURGLARY,,"1280 Auto Park Way, Escondido, CA 92029",,,
Target,1280,PETTY THEFT(Shoplift) (M),,"1280 Auto Park Way, Escondido, CA 92029",,,
Target,1280,POSS CONTROLLED SUBS PARAPHERNALIA (M),,"1280 Auto Park Way, Escondido, CA 92029",,,
Target,1280,SHOPLIFTING (M),,"1280 Auto Park Way, Escondido, CA 92029",,,
Target,1280,POSS NARCOTIC CONTROLLED SUBS (M),,"1280 Auto Park Way, Escondido, CA 92029",,,
Target,1280,SIMPLE BATTERY (M),,"1280 Auto Park Way, Escondido, CA 92029",,,
Target,1280,PETTY THEFT(Shoplift) (M),,"1280 Auto Park Way, Escondido, CA 92029",,,
Target,1280,SHOPLIFTING (M),,"1280 Auto Park Way, Escondido, CA 92029",,,
Target,1280,VEHICLE BREAK-IN/THEFT,,"1280 Auto Park Way, Escondido, CA 92029",,,
Target,1280,GRAND THEFT (Shoplifting) (F),,"1280 Auto Park Way, Escondido, CA 92029",,,
Target,1280,GRAND THEFT:MONEY/LABOR/PROPERTY (F),,"1280 Auto Park Way, Escondido, CA 92029",,,
Target,1280,PETTY THEFT(Shoplift) (M),,"1280 Auto Park Way, Escondido, CA 92029",,,
Target,1280,SHOPLIFTING (M),,"1280 Auto Park Way, Escondido, CA 92029",,,
Target,1280,SHOPLIFTING (M),,"1280 Auto Park Way, Escondido, CA 92029",,,
Target,1280,DUI ALCOHOL (M),,"1280 Auto Park Way, Escondido, CA 92029",,,
Target,1280,SHOPLIFTING (M),,"1280 Auto Park Way, Escondido, CA 92029",,,
Target,1280,FRAUD,,"1280 Auto Park Way, Escondido, CA 92029",,,
Target,1280,COMMERCIAL BURGLARY,,"1280 Auto Park Way, Escondido, CA 92029",,,
Target,1280,FRAUD,,"1280 Auto Park Way, Escondido, CA 92029",,,
Target,1280,GRAND THEFT (Shoplifting) (F),,"1280 Auto Park Way, Escondido, CA 92029",,,
Target,1280,COMMERCIAL BURGLARY,,"1280 Auto Park Way, Escondido, CA 92029",,,
Target,1280,DISORD CONDUCT:ALC (M),,"1280 Auto Park Way, Escondido, CA 92029",,,
Target,1280,PETTY THEFT(Shoplift) (M),,"1280 Auto Park Way, Escondido, CA 92029",,,
Target,1280,PETTY THEFT(Shoplift) (M),,"1280 Auto Park Way, Escondido, CA 92029",,,
Target,1280,DUI ALCOHOL (M),,"1280 Auto Park Way, Escondido, CA 92029",,,
Target,1280,COMMERCIAL BURGLARY,,"1280 Auto Park Way, Escondido, CA 92029",,,
Target,1280,PETTY THEFT(All Other Larceny) (M),,"1280 Auto Park Way, Escondido, CA 92029",,,
Target,1280,GRAND THEFT:MONEY/LABOR/PROPERTY (F),,"1280 Auto Park Way, Escondido, CA 92029",,,
Target,1280,CARRY CONCEALED DIRK OR DAGGER (F),,"1280 Auto Park Way, Escondido, CA 92029",,,
Target,1280,PETTY THEFT(Shoplift) (M),,"1280 Auto Park Way, Escondido, CA 92029",,,
Target,1280,CARRY CONCEALED WEAPON ON PERSON (F),,"1280 Auto Park Way, Escondido, CA 92029",,,
Target,1280,COMMERCIAL BURGLARY,,"1280 Auto Park Way, Escondido, CA 92029",,,
Target,1280,PETTY THEFT(All Other Larceny) (M),,"1280 Auto Park Way, Escondido, CA 92029",,,
Target,1280,VEHICLE BREAK-IN/THEFT,,"1280 Auto Park Way, Escondido, CA 92029",,,
Target,1280,USE/UNDER INFL OF CONTROLLED SUBS (M),,"1280 Auto Park Way, Escondido, CA 92029",,,
Target,1280,DUI ALCOHOL:CAUSING BODILY INJURY (F),,"1280 Auto Park Way, Escondido, CA 92029",,,
Target,1280,PETTY THEFT(All Other Larceny) (M),,"1280 Auto Park Way, Escondido, CA 92029",,,
Target,1280,PETTY THEFT(Shoplift) (M),,"1280 Auto Park Way, Escondido, CA 92029",,,
Target,1280,DISORD CONDUCT:ALC (M),,"1280 Auto Park Way, Escondido, CA 92029",,,
Target,1280,PETTY THEFT(All Other Larceny) (M),,"1280 Auto Park Way, Escondido, CA 92029",,,
Target,1280,DISORDERLY CONDUCT:UNDER INFLUENCE OF DRUG (M),,"1280 Auto Park Way, Escondido, CA 92029",,,
Target,1280,SHOPLIFTING (M),,"1280 Auto Park Way, Escondido, CA 92029",,,
Target,1280,SHOPLIFTING (M),,"1280 Auto Park Way, Escondido, CA 92029",,,
Target,1280,VANDALISM [$400 OR LESS] (M),,"1280 Auto Park Way, Escondido, CA 92029",,,
Target,1280,PETTY THEFT(Shoplift) (M),,"1280 Auto Park Way, Escondido, CA 92029",,,
Target,1280,DISORD CONDUCT:ALC (M),,"1280 Auto Park Way, Escondido, CA 92029",,,
Target,1280,PETTY THEFT(Shoplift) (M),,"1280 Auto Park Way, Escondido, CA 92029",,,
Target,1280,COMMERCIAL BURGLARY,,"1280 Auto Park Way, Escondido, CA 92029",,,
Target,1280,PETTY THEFT(from Building) (M),,"1280 Auto Park Way, Escondido, CA 92029",,,
Target,1280,SHOPLIFTING (M),,"1280 Auto Park Way, Escondido, CA 92029",,,
Target,1280,PETTY THEFT(Shoplift) (M),,"1280 Auto Park Way, Escondido, CA 92029",,,
Target,1280,TAKE VEHICLE W/O OWNER'S CONSENT/VEHICLE THEFT (F),,"1280 Auto Park Way, Escondido, CA 92029",,,
Target,1280,GRAND THEFT:MONEY/LABOR/PROPERTY (F),,"1280 Auto Park Way, Escondido, CA 92029",,,
Target,1280,VEHICLE BREAK-IN/THEFT,,"1280 Auto Park Way, Escondido, CA 92029",,,
Target,1280,WILLFUL CRUELTY TO CHILD: WITH INJURY/DEATH (F),,"1280 Auto Park Way, Escondido, CA 92029",,,
Target,1280,COMMERCIAL BURGLARY,,"1280 Auto Park Way, Escondido, CA 92029",,,
Target,1280,GRAND THEFT:MONEY/LABOR/PROPERTY (F),,"1280 Auto Park Way, Escondido, CA 92029",,,
Target,1280,VEHICLE BREAK-IN/THEFT,,"1280 Auto Park Way, Escondido, CA 92029",,,
Target,1280,PETTY THEFT(Shoplift) (M),,"1280 Auto Park Way, Escondido, CA 92029",,,
Target,1280,OBSTRUCT/RESIST EXECUTIVE OFFICER WITH MINOR INJURY (F),,"1280 Auto Park Way, Escondido, CA 92029",,,
Target,1280,POSS CONTROLLED SUBS PARAPHERNALIA (M),,"1280 Auto Park Way, Escondido, CA 92029",,,
Target,1280,PETTY THEFT(All Other Larceny) (M),,"1280 Auto Park Way, Escondido, CA 92029",,,
Target,1280,TAKE VEHICLE W/O OWNER'S CONSENT/VEHICLE THEFT (F),,"1280 Auto Park Way, Escondido, CA 92029",,,
Target,1280,DISORD CONDUCT:ALC (M),,"1280 Auto Park Way, Escondido, CA 92029",,,
Target,1280,TAMPER WITH VEH,,"1280 Auto Park Way, Escondido, CA 92029",,,
Target,1280,PETTY THEFT(Shoplift) (M),,"1280 Auto Park Way, Escondido, CA 92029",,,
Target,1280,BATTERY ON PERSON (M),,"1280 Auto Park Way, Escondido, CA 92029",,,
Target,1280,GRAND THEFT (Shoplifting) (F),,"1280 Auto Park Way, Escondido, CA 92029",,,
Target,1280,ASSAULT W/DEADLY WEAPON:NOT F/ARM (F),,"1280 Auto Park Way, Escondido, CA 92029",,,
Target,1280,THEFT (M),,"1280 Auto Park Way, Escondido, CA 92029",,,
Target,1280,GRAND THEFT:MONEY/LABOR/PROPERTY (F),,"1280 Auto Park Way, Escondido, CA 92029",,,
Target,1280,OTHER SEX CRIME,,"1280 Auto Park Way, Escondido, CA 92029",,,
Target,1280,COMMERCIAL BURGLARY,,"1280 Auto Park Way, Escondido, CA 92029",,,
Target,1280,COMMERCIAL BURGLARY,,"1280 Auto Park Way, Escondido, CA 92029",,,
Target,1280,DISORD CONDUCT:ALC (M),,"1280 Auto Park Way, Escondido, CA 92029",,,
Target,1280,PETTY THEFT(Shoplift) (M),,"1280 Auto Park Way, Escondido, CA 92029",,,
Target,1280,GRAND THEFT:AUTO (F),,"1280 Auto Park Way, Escondido, CA 92029",,,
Target,1280,PETTY THEFT(All Other Larceny) (M),,"1280 Auto Park Way, Escondido, CA 92029",,,
Target,1280,ASSAULT W/DEADLY WEAPON:NOT F/ARM (F),,"1280 Auto Park Way, Escondido, CA 92029",,,
Target,1280,GRAND THEFT:MONEY/LABOR/PROPERTY (F),,"1280 Auto Park Way, Escondido, CA 92029",,,
Target,1280,ANNOYING PHONE CALL OBSCENE/THREATENING - INTIMIDATION (M),,"1280 Auto Park Way, Escondido, CA 92029",,,
Target,1280,DISORDERLY CONDUCT:INTOX DRUG WITH ALCOHOL (M),,"1280 Auto Park Way, Escondido, CA 92029",,,
Target,1280,PETTY THEFT(Shoplift) (M),,"1280 Auto Park Way, Escondido, CA 92029",,,
Target,1280,PETTY THEFT(All Other Larceny) (M),,"1280 Auto Park Way, Escondido, CA 92029",,,
Target,1280,VANDALISM [$400 OR LESS] (M),,"1280 Auto Park Way, Escondido, CA 92029",,,
Target,1280,SIMPLE BATTERY (M),,"1280 Auto Park Way, Escondido, CA 92029",,,
Target,1280,VANDALISM ($400 OR MORE) (F),,"1280 Auto Park Way, Escondido, CA 92029",,,
Target,1280,SHOPLIFTING (M),,"1280 Auto Park Way, Escondido, CA 92029",,,
Target,1280,POSS NARCOTIC CONTROLLED SUBS (F),,"1280 Auto Park Way, Escondido, CA 92029",,,
Target,1280,SHOPLIFTING (M),,"1280 Auto Park Way, Escondido, CA 92029",,,
Target,1280,THREATEN CRIME WITH INTENT TO TERRORIZE (M),,"1280 Auto Park Way, Escondido, CA 92029",,,
Target,1280,PETTY THEFT(Shoplift) (M),,"1280 Auto Park Way, Escondido, CA 92029",,,
Target,1280,DUI ALCOHOL (M),,"1280 Auto Park Way, Escondido, CA 92029",,,
Target,1280,GRAND THEFT (Shoplifting) (F),,"1280 Auto Park Way, Escondido, CA 92029",,,
Target,1280,PETTY THEFT(All Other Larceny) (M),,"1280 Auto Park Way, Escondido, CA 92029",,,
Target,1280,THREATEN SCHOOL/PUBLIC OFCR/EMPLOYEE (F),,"1280 Auto Park Way, Escondido, CA 92029",,,
Target,1280,DISORDERLY CONDUCT:INTOX DRUG WITH ALCOHOL (M),,"1280 Auto Park Way, Escondido, CA 92029",,,
Target,1280,VANDALISM ($400 OR MORE) (F),,"1280 Auto Park Way, Escondido, CA 92029",,,
Target,443,PETTY THEFT(Shoplift) (M),,"443 College Blvd, Oceanside, CA 92057",,,
Target,443,PETTY THEFT(Shoplift) (M),,"443 College Blvd, Oceanside, CA 92057",,,
Target,443,GRAND THEFT:MONEY/LABOR/PROPERTY (F),,"443 College Blvd, Oceanside, CA 92057",,,
Target,443,ASSAULT W/DEADLY WEAPON:NOT F/ARM (F),,"443 College Blvd, Oceanside, CA 92057",,,
Target,443,PETTY THEFT(Shoplift) (M),,"443 College Blvd, Oceanside, CA 92057",,,
Target,443,THREATEN EXECUTIVE OFFICER WITH VIOLENCE (F),,"443 College Blvd, Oceanside, CA 92057",,,
Target,443,FRAUD,,"443 College Blvd, Oceanside, CA 92057",,,
Target,443,MINOR POSS ALC (M),,"443 College Blvd, Oceanside, CA 92057",,,
Target,443,MINOR POSS ALC (M),,"443 College Blvd, Oceanside, CA 92057",,,
Target,443,PETTY THEFT(Shoplift) (M),,"443 College Blvd, Oceanside, CA 92057",,,
Target,443,SHOPLIFTING (M),,"443 College Blvd, Oceanside, CA 92057",,,
Target,443,PETTY THEFT(All Other Larceny) (M),,"443 College Blvd, Oceanside, CA 92057",,,
Target,443,SIMPLE BATTERY (M),,"443 College Blvd, Oceanside, CA 92057",,,
Target,443,VANDALISM ($400 OR MORE) (F),,"443 College Blvd, Oceanside, CA 92057",,,
Target,443,PETTY THEFT(Shoplift) (M),,"443 College Blvd, Oceanside, CA 92057",,,
Target,443,VANDALISM ($400 OR MORE) (F),,"443 College Blvd, Oceanside, CA 92057",,,
Target,443,VANDALISM ($400 OR MORE) (F),,"443 College Blvd, Oceanside, CA 92057",,,
Target,443,COMMERCIAL ROBBERY - WEAPON USED,,"443 College Blvd, Oceanside, CA 92057",,,
Target,443,PETTY THEFT(All Other Larceny) (M),,"443 College Blvd, Oceanside, CA 92057",,,
Target,443,VANDALISM [$400 OR LESS] (M),,"443 College Blvd, Oceanside, CA 92057",,,
Target,443,FRAUD,,"443 College Blvd, Oceanside, CA 92057",,,
Target,443,PETTY THEFT(Shoplift) (M),,"443 College Blvd, Oceanside, CA 92057",,,
Target,443,WILLFUL CRUELTY TO CHILD:WITH MINOR INJURY (M),,"443 College Blvd, Oceanside, CA 92057",,,
Target,443,VANDALISM ($400 OR MORE) (F),,"443 College Blvd, Oceanside, CA 92057",,,
Target,443,PETTY THEFT(Shoplift) (M),,"443 College Blvd, Oceanside, CA 92057",,,
Target,443,COMMERCIAL BURGLARY,,"443 College Blvd, Oceanside, CA 92057",,,
Target,443,DISORDERLY CONDUCT:UNDER INFLUENCE OF DRUG (M),,"443 College Blvd, Oceanside, CA 92057",,,
Target,443,FRAUD,,"443 College Blvd, Oceanside, CA 92057",,,
Target,443,PETTY THEFT(Shoplift) (M),,"443 College Blvd, Oceanside, CA 92057",,,
Target,443,VANDALISM ($400 OR MORE) (F),,"443 College Blvd, Oceanside, CA 92057",,,
Target,443,VANDALISM [$400 OR LESS] (M),,"443 College Blvd, Oceanside, CA 92057",,,
Target,443,EXHIBIT DEADLY WEAPON OTHER THAN FIREARM (M),,"443 College Blvd, Oceanside, CA 92057",,,
Target,443,FRAUD,,"443 College Blvd, Oceanside, CA 92057",,,
Target,443,VANDALISM [$400 OR LESS] (M),,"443 College Blvd, Oceanside, CA 92057",,,
Target,443,VANDALISM ($400 OR MORE) (F),,"443 College Blvd, Oceanside, CA 92057",,,
Target,443,TAKE VEHICLE W/O OWNER'S CONSENT/VEHICLE THEFT (F),,"443 College Blvd, Oceanside, CA 92057",,,
Target,443,SHOPLIFTING (M),,"443 College Blvd, Oceanside, CA 92057",,,
Target,443,COMMERCIAL BURGLARY,,"443 College Blvd, Oceanside, CA 92057",,,
Target,443,VANDALISM [$400 OR LESS] (M),,"443 College Blvd, Oceanside, CA 92057",,,
Target,443,VEHICLE BREAK-IN/THEFT,,"443 College Blvd, Oceanside, CA 92057",,,
Target,443,DISORD CONDUCT:ALC (M),,"443 College Blvd, Oceanside, CA 92057",,,
Target,443,SIMPLE BATTERY (M),,"443 College Blvd, Oceanside, CA 92057",,,
Target,443,PETTY THEFT(Shoplift) (M),,"443 College Blvd, Oceanside, CA 92057",,,
Target,443,PROHIBITED BY COURT ORDERS:PURCHASE/ETC FIREARM (F),,"443 College Blvd, Oceanside, CA 92057",,,
Target,443,POSSESS CONTROLLED SUBSTANCE (M),,"443 College Blvd, Oceanside, CA 92057",,,
Target,443,DUI ALCOHOL (M),,"443 College Blvd, Oceanside, CA 92057",,,
Target,443,VEHICLE BREAK-IN/THEFT,,"443 College Blvd, Oceanside, CA 92057",,,
Target,443,VANDALISM [$400 OR LESS] (M),,"443 College Blvd, Oceanside, CA 92057",,,
Target,443,SIMPLE BATTERY (M),,"443 College Blvd, Oceanside, CA 92057",,,
Target,443,PETTY THEFT FROM LIBRARY OR MERCHANT (M),,"443 College Blvd, Oceanside, CA 92057",,,
Target,443,VANDALISM ($400 OR MORE) (F),,"443 College Blvd, Oceanside, CA 92057",,,
Target,443,VANDALISM ($400 OR MORE) (F),,"443 College Blvd, Oceanside, CA 92057",,,ROAD
Target,443,THROW SUBS AT VEH ON HWY (M),,"443 College Blvd, Oceanside, CA 92057",,,
Target,443,VANDALISM [$400 OR LESS] (M),,"443 College Blvd, Oceanside, CA 92057",,,
Target,443,DISORD CONDUCT:ALC (M),,"443 College Blvd, Oceanside, CA 92057",,,
Target,443,PETTY THEFT(All Other Larceny) (M),,"443 College Blvd, Oceanside, CA 92057",,,
Target,443,PETTY THEFT(All Other Larceny) (M),,"443 College Blvd, Oceanside, CA 92057",,,
Target,443,FRAUD,,"443 College Blvd, Oceanside, CA 92057",,,
Target,443,DUI ALCOHOL:CAUSING BODILY INJURY (F),,"443 College Blvd, Oceanside, CA 92057",,,
Target,443,FRAUD,,"443 College Blvd, Oceanside, CA 92057",,,
Target,443,VANDALISM [$400 OR LESS] (M),,"443 College Blvd, Oceanside, CA 92057",,,
Target,443,FRAUD,,"443 College Blvd, Oceanside, CA 92057",,,
Target,443,DUI ALCOHOL (M),,"443 College Blvd, Oceanside, CA 92057",,,
Target,443,FRAUD,,"443 College Blvd, Oceanside, CA 92057",,,
Target,443,PETTY THEFT(All Other Larceny) (M),,"443 College Blvd, Oceanside, CA 92057",,,
Target,443,DISORD CONDUCT:ALC (M),,"443 College Blvd, Oceanside, CA 92057",,,
Target,443,COMMERCIAL ROBBERY - NO WEAPON,,"443 College Blvd, Oceanside, CA 92057",,,
Target,443,GRAND THEFT:MONEY/LABOR/PROPERTY (F),,"443 College Blvd, Oceanside, CA 92057",,,
Target,443,FRAUD,,"443 College Blvd, Oceanside, CA 92057",,,
Target,443,VEHICLE BREAK-IN/THEFT,,"443 College Blvd, Oceanside, CA 92057",,,
Target,443,VANDALISM ($400 OR MORE) (F),,"443 College Blvd, Oceanside, CA 92057",,,
Target,443,TAKE VEHICLE W/O OWNER'S CONSENT/VEHICLE THEFT (F),,"443 College Blvd, Oceanside, CA 92057",,,
Target,443,SHOPLIFTING (M),,"443 College Blvd, Oceanside, CA 92057",,,
Target,443,PETTY THEFT(All Other Larceny) (M),,"443 College Blvd, Oceanside, CA 92057",,,
Target,443,TAKE VEHICLE W/O OWNER'S CONSENT/VEHICLE THEFT (F),,"443 College Blvd, Oceanside, CA 92057",,,
Target,443,POSSESS CONTROLLED SUBSTANCE (M),,"443 College Blvd, Oceanside, CA 92057",,,
Target,443,POSSESS CONTROLLED SUBSTANCE (M),,"443 College Blvd, Oceanside, CA 92057",,,
Target,443,BURGLARY (VEHICLE) (F),,"443 College Blvd, Oceanside, CA 92057",,,
Target,443,PETTY THEFT(Shoplift) (M),,"443 College Blvd, Oceanside, CA 92057",,,
Target,443,PETTY THEFT(Shoplift) (M),,"443 College Blvd, Oceanside, CA 92057",,,
Target,443,PETTY THEFT(Shoplift) (M),,"443 College Blvd, Oceanside, CA 92057",,,
Target,443,POSSESS CONTROLLED SUBSTANCE (M),,"443 College Blvd, Oceanside, CA 92057",,,
Target,443,PETTY THEFT(from Building) (M),,"443 College Blvd, Oceanside, CA 92057",,,
Target,443,FRAUD,,"443 College Blvd, Oceanside, CA 92057",,,
Target,443,SIMPLE BATTERY (M),,"443 College Blvd, Oceanside, CA 92057",,,
Target,443,WILLFUL CRUELTY TO CHILD:WITH MINOR INJURY (M),,"443 College Blvd, Oceanside, CA 92057",,,
Target,443,SIMPLE BATTERY (M),,"443 College Blvd, Oceanside, CA 92057",,,
Target,443,FRAUD,,"443 College Blvd, Oceanside, CA 92057",,,
Target,443,VEHICLE BREAK-IN/THEFT,,"443 College Blvd, Oceanside, CA 92057",,,
Target,443,VEHICLE BREAK-IN/THEFT,,"443 College Blvd, Oceanside, CA 92057",,,
Target,443,VEHICLE BREAK-IN/THEFT,,"443 College Blvd, Oceanside, CA 92057",,,
Target,443,SIMPLE BATTERY (M),,"443 College Blvd, Oceanside, CA 92057",,,
Target,443,CARRY LOADED FIREARM IN PUBLIC UNDER SPECIFIC CIRCUMSTANCES (F),,"443 College Blvd, Oceanside, CA 92057",,,
Target,443,ASSAULT W/DEADLY WEAPON:NOT F/ARM (F),,"443 College Blvd, Oceanside, CA 92057",,,
Target,443,POSS OPEN CONTAINER OF ALC IN PUBLIC (I),,"443 College Blvd, Oceanside, CA 92057",,,
Target,2255,PETTY THEFT(All Other Larceny) (M),,"2255 S El Camino Real, Oceanside, CA 92054",,,
Target,2255,SHOPLIFTING (M),,"2255 S El Camino Real, Oceanside, CA 92054",,,
Target,2255,PETTY THEFT(All Other Larceny) (M),,"2255 S El Camino Real, Oceanside, CA 92054",,,
Target,2255,PETTY THEFT(Shoplift) (M),,"2255 S El Camino Real, Oceanside, CA 92054",,,
Target,2255,VANDALISM [$400 OR LESS] (M),,"2255 S El Camino Real, Oceanside, CA 92054",,,
Target,2255,VANDALISM [$400 OR LESS] (M),,"2255 S El Camino Real, Oceanside, CA 92054",,,
Target,2255,PETTY THEFT(All Other Larceny) (M),,"2255 S El Camino Real, Oceanside, CA 92054",,,
Target,2255,THEFT NOT EXCEEDING $950 (M),,"2255 S El Camino Real, Oceanside, CA 92054",,,
Target,2255,VANDALISM ($400 OR MORE) (F),,"2255 S El Camino Real, Oceanside, CA 92054",,,
Target,2255,DISORDERLY CONDUCT:INTOX DRUG WITH ALCOHOL (M),,"2255 S El Camino Real, Oceanside, CA 92054",,,
Target,2255,SIMPLE BATTERY (M),,"2255 S El Camino Real, Oceanside, CA 92054",,,
Target,2255,POSSESS CONTROLLED SUBSTANCE (M),,"2255 S El Camino Real, Oceanside, CA 92054",,,
Target,2255,GRAND THEFT (Shoplifting) (F),,"2255 S El Camino Real, Oceanside, CA 92054",,,
Target,2255,VEHICLE BREAK-IN/THEFT,,"2255 S El Camino Real, Oceanside, CA 92054",,,
Target,2255,PETTY THEFT(Shoplift) (M),,"2255 S El Camino Real, Oceanside, CA 92054",,,
Target,2255,VANDALISM ($400 OR MORE) (F),,"2255 S El Camino Real, Oceanside, CA 92054",,,
Target,2255,PETTY THEFT(Shoplift) (M),,"2255 S El Camino Real, Oceanside, CA 92054",,,
Target,2255,DISORD CONDUCT:ALC (M),,"2255 S El Camino Real, Oceanside, CA 92054",,,
Target,2255,SHOPLIFTING (M),,"2255 S El Camino Real, Oceanside, CA 92054",,,
Target,2255,FRAUD,,"2255 S El Camino Real, Oceanside, CA 92054",,,
Target,2255,OBSTRUCT USE OF ANY WIRELESS COMMUNICATION DEVICE (M),,"2255 S El Camino Real, Oceanside, CA 92054",,,
Target,2255,COMMERCIAL BURGLARY,,"2255 S El Camino Real, Oceanside, CA 92054",,,
Target,2255,COMMERCIAL BURGLARY,,"2255 S El Camino Real, Oceanside, CA 92054",,,
Target,2255,GRAND THEFT:MONEY/LABOR/PROPERTY (F),,"2255 S El Camino Real, Oceanside, CA 92054",,,
Target,2255,SIMPLE BATTERY (M),,"2255 S El Camino Real, Oceanside, CA 92054",,,
Target,2255,PETTY THEFT(from Building) (M),,"2255 S El Camino Real, Oceanside, CA 92054",,,
Target,2255,COMMERCIAL ROBBERY - NO WEAPON,,"2255 S El Camino Real, Oceanside, CA 92054",,,
Target,2255,GRAND THEFT (Shoplifting) (F),,"2255 S El Camino Real, Oceanside, CA 92054",,,
Target,2255,SIMPLE BATTERY (M),,"2255 S El Camino Real, Oceanside, CA 92054",,,
Target,2255,COMMERCIAL BURGLARY,,"2255 S El Camino Real, Oceanside, CA 92054",,,
Target,2255,OTHER ROBBERY - NO WEAPON,,"2255 S El Camino Real, Oceanside, CA 92054",,,
Target,2255,PETTY THEFT FROM LIBRARY OR MERCHANT (M),,"2255 S El Camino Real, Oceanside, CA 92054",,,
Target,2255,PETTY THEFT FROM LIBRARY OR MERCHANT (M),,"2255 S El Camino Real, Oceanside, CA 92054",,,
Target,2255,SHOPLIFTING (M),,"2255 S El Camino Real, Oceanside, CA 92054",,,
Target,2255,PETTY THEFT FROM LIBRARY OR MERCHANT (M),,"2255 S El Camino Real, Oceanside, CA 92054",,,
Target,2255,RESIDENTIAL BURGLARY,,"2255 S El Camino Real, Oceanside, CA 92054",,,
Target,2255,STREET ROBBERY - NO WEAPON,,"2255 S El Camino Real, Oceanside, CA 92054",,,
Target,2255,PETTY THEFT(All Other Larceny) (M),,"2255 S El Camino Real, Oceanside, CA 92054",,,
Target,2255,VEHICLE BREAK-IN/THEFT,,"2255 S El Camino Real, Oceanside, CA 92054",,,
Target,2255,FRAUD,,"2255 S El Camino Real, Oceanside, CA 92054",,,
Target,2255,VEHICLE BREAK-IN/THEFT,,"2255 S El Camino Real, Oceanside, CA 92054",,,
Target,2255,THEFT NOT EXCEEDING $950 (M),,"2255 S El Camino Real, Oceanside, CA 92054",,,
Target,2255,SHOPLIFTING (M),,"2255 S El Camino Real, Oceanside, CA 92054",,,
Target,2255,SIMPLE BATTERY (M),,"2255 S El Camino Real, Oceanside, CA 92054",,,
Target,2255,VANDALISM [$400 OR LESS] (M),,"2255 S El Camino Real, Oceanside, CA 92054",,,
Target,2255,FRAUD,,"2255 S El Camino Real, Oceanside, CA 92054",,,
Target,2255,VANDALISM ($400 OR MORE) (F),,"2255 S El Camino Real, Oceanside, CA 92054",,,
Target,2255,COMMERCIAL ROBBERY - WEAPON USED,,"2255 S El Camino Real, Oceanside, CA 92054",,,
Target,2255,VANDALISM ($400 OR MORE) (F),,"2255 S El Camino Real, Oceanside, CA 92054",,,
Target,2255,DISORD CONDUCT:ALC (M),,"2255 S El Camino Real, Oceanside, CA 92054",,,
Target,2255,FRAUD,,"2255 S El Camino Real, Oceanside, CA 92054",,,
Target,2255,PETTY THEFT(All Other Larceny) (M),,"2255 S El Camino Real, Oceanside, CA 92054",,,
Target,2255,PETTY THEFT(Shoplift) (M),,"2255 S El Camino Real, Oceanside, CA 92054",,,
Target,2255,SHOPLIFTING (M),,"2255 S El Camino Real, Oceanside, CA 92054",,,
Target,2255,PETTY THEFT(Shoplift) (M),,"2255 S El Camino Real, Oceanside, CA 92054",,,
Target,2255,VEHICLE BREAK-IN/THEFT,,"2255 S El Camino Real, Oceanside, CA 92054",,,
Target,2255,VANDALISM ($400 OR MORE) (F),,"2255 S El Camino Real, Oceanside, CA 92054",,,
Target,2255,SHOPLIFTING (M),,"2255 S El Camino Real, Oceanside, CA 92054",,,
Target,2255,UNLAWFUL POSSESS/USE TEAR GAS OR TEAR GAS WEAPON:EX FEL/ETC (M),,"2255 S El Camino Real, Oceanside, CA 92054",,,
Target,2255,COMMERCIAL BURGLARY,,"2255 S El Camino Real, Oceanside, CA 92054",,,
Target,2255,THREATEN CRIME WITH INTENT TO TERRORIZE (F),,"2255 S El Camino Real, Oceanside, CA 92054",,,
Target,2255,GRAND THEFT:MONEY/LABOR/PROPERTY (F),,"2255 S El Camino Real, Oceanside, CA 92054",,,
Target,2255,GRAND THEFT (Shoplifting) (F),,"2255 S El Camino Real, Oceanside, CA 92054",,,
Target,2255,COMMERCIAL ROBBERY - NO WEAPON,,"2255 S El Camino Real, Oceanside, CA 92054",,,
Target,2255,POSS CONTROLLED SUBS PARAPHERNALIA (M),,"2255 S El Camino Real, Oceanside, CA 92054",,,
Target,2255,BATTERY ON PERSON (M),,"2255 S El Camino Real, Oceanside, CA 92054",,,
Target,2255,PETTY THEFT(All Other Larceny) (M),,"2255 S El Camino Real, Oceanside, CA 92054",,,
Target,2255,ASSAULT W/DEADLY WEAPON:NOT F/ARM (F),,"2255 S El Camino Real, Oceanside, CA 92054",,,
Target,2255,SHOPLIFTING (M),,"2255 S El Camino Real, Oceanside, CA 92054",,,
Target,2255,POSS CONTROLLED SUBS PARAPHERNALIA (M),,"2255 S El Camino Real, Oceanside, CA 92054",,,
Target,2255,DUI ALC/0.08 PERCENT (M),,"2255 S El Camino Real, Oceanside, CA 92054",,,WB
Target,2255,DUI ALCOHOL/DRUG (M),,"2255 S El Camino Real, Oceanside, CA 92054",,,WB
Target,2255,VEHICLE BREAK-IN/THEFT,,"2255 S El Camino Real, Oceanside, CA 92054",,,
Target,2255,STALKING (F),,"2255 S El Camino Real, Oceanside, CA 92054",,,
Target,2255,COMMERCIAL BURGLARY,,"2255 S El Camino Real, Oceanside, CA 92054",,,
Target,2255,VANDALISM ($400 OR MORE) (F),,"2255 S El Camino Real, Oceanside, CA 92054",,,
Target,2255,PETTY THEFT(Shoplift) (M),,"2255 S El Camino Real, Oceanside, CA 92054",,,
Target,2255,TAKE VEHICLE W/O OWNER'S CONSENT/VEHICLE THEFT (F),,"2255 S El Camino Real, Oceanside, CA 92054",,,
Target,2255,GRAND THEFT:MONEY/LABOR/PROPERTY (F),,"2255 S El Camino Real, Oceanside, CA 92054",,,
Target,2255,PETTY THEFT(Shoplift) (M),,"2255 S El Camino Real, Oceanside, CA 92054",,,
Target,2255,PETTY THEFT(Shoplift) (M),,"2255 S El Camino Real, Oceanside, CA 92054",,,
Target,2255,PETTY THEFT FROM LIBRARY OR MERCHANT (M),,"2255 S El Camino Real, Oceanside, CA 92054",,,
Target,2255,PETTY THEFT(Shoplift) (M),,"2255 S El Camino Real, Oceanside, CA 92054",,,
Target,2255,POSS CONTROLLED SUBS PARAPHERNALIA (M),,"2255 S El Camino Real, Oceanside, CA 92054",,,
Target,2255,VEHICLE BREAK-IN/THEFT,,"2255 S El Camino Real, Oceanside, CA 92054",,,
Target,2255,FRAUD,,"2255 S El Camino Real, Oceanside, CA 92054",,,
Target,2255,VANDALISM [$400 OR LESS] (M),,"2255 S El Camino Real, Oceanside, CA 92054",,,
Target,2255,PETTY THEFT(Shoplift) (M),,"2255 S El Camino Real, Oceanside, CA 92054",,,
Target,2255,COMMERCIAL ROBBERY - WEAPON USED,,"2255 S El Camino Real, Oceanside, CA 92054",,,
Target,2255,PETTY THEFT(All Other Larceny) (M),,"2255 S El Camino Real, Oceanside, CA 92054",,,
Target,2255,VEHICLE BREAK-IN/THEFT,,"2255 S El Camino Real, Oceanside, CA 92054",,,
Target,2255,THEFT NOT EXCEEDING $950 (M),,"2255 S El Camino Real, Oceanside, CA 92054",,,
Target,2255,PETTY THEFT(All Other Larceny) (M),,"2255 S El Camino Real, Oceanside, CA 92054",,,
Target,2255,VEHICLE BREAK-IN/THEFT,,"2255 S El Camino Real, Oceanside, CA 92054",,,
Target,2255,SHOPLIFTING (M),,"2255 S El Camino Real, Oceanside, CA 92054",,,
Target,2255,PETTY THEFT(All Other Larceny) (M),,"2255 S El Camino Real, Oceanside, CA 92054",,,
Target,2255,GRAND THEFT (Shoplifting) (F),,"2255 S El Camino Real, Oceanside, CA 92054",,,
Target,2255,PETTY THEFT(from Building) (M),,"2255 S El Camino Real, Oceanside, CA 92054",,,
Target,2255,DUI DRUG (M),,"2255 S El Camino Real, Oceanside, CA 92054",,,
Target,2255,USE/UNDER INFL OF CONTROLLED SUBS (M),,"2255 S El Camino Real, Oceanside, CA 92054",,,
Target,2255,PETTY THEFT(All Other Larceny) (M),,"2255 S El Camino Real, Oceanside, CA 92054",,,
Target,2255,POSS CONTROLLED SUBS PARAPHERNALIA (M),,"2255 S El Camino Real, Oceanside, CA 92054",,,
Target,2255,POSS CONTROLLED SUBS PARAPHERNALIA (M),,"2255 S El Camino Real, Oceanside, CA 92054",,,
Target,2255,PETTY THEFT(Shoplift) (M),,"2255 S El Camino Real, Oceanside, CA 92054",,,
Target,2255,SIMPLE BATTERY (M),,"2255 S El Camino Real, Oceanside, CA 92054",,,
Target,2255,GRAND THEFT (Theft From Building) (F),,"2255 S El Camino Real, Oceanside, CA 92054",,,
Target,2255,STREET ROBBERY - WEAPON USED,,"2255 S El Camino Real, Oceanside, CA 92054",,,
Target,2255,POSSESS CONTROLLED SUBSTANCE (M),,"2255 S El Camino Real, Oceanside, CA 92054",,,
Target,2255,SHOPLIFTING (M),,"2255 S El Camino Real, Oceanside, CA 92054",,,
Target,2255,PETTY THEFT(Shoplift) (M),,"2255 S El Camino Real, Oceanside, CA 92054",,,
Target,2255,DISORD CONDUCT:ALC (M),,"2255 S El Camino Real, Oceanside, CA 92054",,,
Target,2255,PETTY THEFT(All Other Larceny) (M),,"2255 S El Camino Real, Oceanside, CA 92054",,,
Target,2255,POSSESS CONTROLLED SUBSTANCE (M),,"2255 S El Camino Real, Oceanside, CA 92054",,,
Target,2255,SIMPLE BATTERY (M),,"2255 S El Camino Real, Oceanside, CA 92054",,,
Target,2255,OBSTRUCT/RESIST EXECUTIVE OFFICER WITH MINOR INJURY (F),,"2255 S El Camino Real, Oceanside, CA 92054",,,
Target,2255,PETTY THEFT(from Building) (M),,"2255 S El Camino Real, Oceanside, CA 92054",,,
Target,2255,PETTY THEFT W/2 PRIOR CONVICTIONS (F),,"2255 S El Camino Real, Oceanside, CA 92054",,,
Target,2255,PETTY THEFT(Shoplift) (M),,"2255 S El Camino Real, Oceanside, CA 92054",,,
Target,2255,PETTY THEFT(Shoplift) (M),,"2255 S El Camino Real, Oceanside, CA 92054",,,
Target,2255,VANDALISM [$400 OR LESS] (M),,"2255 S El Camino Real, Oceanside, CA 92054",,,
Target,2255,GRAND THEFT:MONEY/LABOR/PROPERTY (F),,"2255 S El Camino Real, Oceanside, CA 92054",,,
Target,2255,OTHER SEX CRIME,,"2255 S El Camino Real, Oceanside, CA 92054",,,
Target,2255,PETTY THEFT(Purse Snatch) (M),,"2255 S El Camino Real, Oceanside, CA 92054",,,
Target,2255,SHOPLIFTING (M),,"2255 S El Camino Real, Oceanside, CA 92054",,,
Target,2255,SHOPLIFTING (M),,"2255 S El Camino Real, Oceanside, CA 92054",,,
Target,2255,GRAND THEFT (Shoplifting) (F),,"2255 S El Camino Real, Oceanside, CA 92054",,,
Target,2255,SHOPLIFTING (M),,"2255 S El Camino Real, Oceanside, CA 92054",,,
Target,2255,DISORD CONDUCT:ALC (M),,"2255 S El Camino Real, Oceanside, CA 92054",,,
Target,2255,GRAND THEFT:MONEY/LABOR/PROPERTY (F),,"2255 S El Camino Real, Oceanside, CA 92054",,,
Target,2255,COMMERCIAL BURGLARY,,"2255 S El Camino Real, Oceanside, CA 92054",,,
Target,2255,PETTY THEFT(Shoplift) (M),,"2255 S El Camino Real, Oceanside, CA 92054",,,
Target,2255,GRAND THEFT:MONEY/LABOR/PROPERTY (F),,"2255 S El Camino Real, Oceanside, CA 92054",,,
Target,2255,VANDALISM [$400 OR LESS] (M),,"2255 S El Camino Real, Oceanside, CA 92054",,,
Target,2255,GRAND THEFT:MONEY/LABOR/PROPERTY (F),,"2255 S El Camino Real, Oceanside, CA 92054",,,
Target,2255,PETTY THEFT(Shoplift) (M),,"2255 S El Camino Real, Oceanside, CA 92054",,,
Target,2255,GRAND THEFT:MONEY/LABOR/PROPERTY (F),,"2255 S El Camino Real, Oceanside, CA 92054",,,
Target,2255,PETTY THEFT(Shoplift) (M),,"2255 S El Camino Real, Oceanside, CA 92054",,,
Target,2255,DUI ALCOHOL (M),,"2255 S El Camino Real, Oceanside, CA 92054",,,
Target,2255,FRAUD,,"2255 S El Camino Real, Oceanside, CA 92054",,,
Target,2255,POSS NARCOTIC CONTROLLED SUBS (M),,"2255 S El Camino Real, Oceanside, CA 92054",,,
Target,2255,SHOPLIFTING (M),,"2255 S El Camino Real, Oceanside, CA 92054",,,
Target,2255,PETTY THEFT(Shoplift) (M),,"2255 S El Camino Real, Oceanside, CA 92054",,,
Target,2255,COMMERCIAL ROBBERY - WEAPON USED,,"2255 S El Camino Real, Oceanside, CA 92054",,,
Target,2255,PETTY THEFT(Shoplift) (M),,"2255 S El Camino Real, Oceanside, CA 92054",,,
Target,2255,PETTY THEFT(Shoplift) (M),,"2255 S El Camino Real, Oceanside, CA 92054",,,
Target,2255,PETTY THEFT(Shoplift) (M),,"2255 S El Camino Real, Oceanside, CA 92054",,,
Target,2255,GRAND THEFT (Shoplifting) (F),,"2255 S El Camino Real, Oceanside, CA 92054",,,
Target,2255,PETTY THEFT(All Other Larceny) (M),,"2255 S El Camino Real, Oceanside, CA 92054",,,
Target,2255,COMMERCIAL ROBBERY - WEAPON USED,,"2255 S El Camino Real, Oceanside, CA 92054",,,
Target,2255,PETTY THEFT(All Other Larceny) (M),,"2255 S El Camino Real, Oceanside, CA 92054",,,
Target,2255,PETTY THEFT FROM LIBRARY OR MERCHANT (M),,"2255 S El Camino Real, Oceanside, CA 92054",,,
Target,2255,PETTY THEFT(Shoplift) (M),,"2255 S El Camino Real, Oceanside, CA 92054",,,
Target,2255,BURGLARY (VEHICLE) (F),,"2255 S El Camino Real, Oceanside, CA 92054",,,
Target,2255,ASSAULT W/DEADLY WEAPON:NOT F/ARM (F),,"2255 S El Camino Real, Oceanside, CA 92054",,,
Target,2255,ASSAULT W/DEADLY WEAPON:NOT F/ARM (F),,"2255 S El Camino Real, Oceanside, CA 92054",,,
Target,2255,DISORD CONDUCT:ALC (M),,"2255 S El Camino Real, Oceanside, CA 92054",,,
Target,2255,GRAND THEFT:MONEY/LABOR/PROPERTY (F),,"2255 S El Camino Real, Oceanside, CA 92054",,,
Target,2255,PETTY THEFT FROM LIBRARY OR MERCHANT (M),,"2255 S El Camino Real, Oceanside, CA 92054",,,
Target,2255,PETTY THEFT FROM LIBRARY OR MERCHANT (M),,"2255 S El Camino Real, Oceanside, CA 92054",,,
Target,2255,DUI ALCOHOL (M),,"2255 S El Camino Real, Oceanside, CA 92054",,,
Target,2255,FRAUD,,"2255 S El Camino Real, Oceanside, CA 92054",,,
Target,2255,VEHICLE BREAK-IN/THEFT,,"2255 S El Camino Real, Oceanside, CA 92054",,,
Target,2255,THREATEN EXECUTIVE OFFICER WITH VIOLENCE (F),,"2255 S El Camino Real, Oceanside, CA 92054",,,
Target,2255,PETTY THEFT FROM LIBRARY OR MERCHANT (M),,"2255 S El Camino Real, Oceanside, CA 92054",,,
Target,2255,PETTY THEFT(All Other Larceny) (M),,"2255 S El Camino Real, Oceanside, CA 92054",,,
Target,2255,PETTY THEFT(All Other Larceny) (M),,"2255 S El Camino Real, Oceanside, CA 92054",,,
Target,2255,VEHICLE BREAK-IN/THEFT,,"2255 S El Camino Real, Oceanside, CA 92054",,,
Target,2255,SHOPLIFTING (M),,"2255 S El Camino Real, Oceanside, CA 92054",,,
Target,2255,SHOPLIFTING (M),,"2255 S El Camino Real, Oceanside, CA 92054",,,
Target,2255,THROW SUBS AT VEH ON HWY (M),,"2255 S El Camino Real, Oceanside, CA 92054",,,
Target,2255,SHOPLIFTING (M),,"2255 S El Camino Real, Oceanside, CA 92054",,,
Target,2255,SHOPLIFTING (M),,"2255 S El Camino Real, Oceanside, CA 92054",,,
Target,2255,SIMPLE BATTERY (M),,"2255 S El Camino Real, Oceanside, CA 92054",,,
Target,2255,COMMERCIAL ROBBERY - NO WEAPON,,"2255 S El Camino Real, Oceanside, CA 92054",,,
Target,2255,DISORDERLY CONDUCT:UNDER INFLUENCE OF DRUG (M),,"2255 S El Camino Real, Oceanside, CA 92054",,,
Target,2255,SHOPLIFTING (M),,"2255 S El Camino Real, Oceanside, CA 92054",,,
Target,2255,SHOPLIFTING (M),,"2255 S El Camino Real, Oceanside, CA 92054",,,
Target,2255,PETTY THEFT(Shoplift) (M),,"2255 S El Camino Real, Oceanside, CA 92054",,,
Target,2255,POSSESS MARIJUANA 1 OZ OR LESS WHILE DRIVING,,"2255 S El Camino Real, Oceanside, CA 92054",,,
Target,2255,COMMERCIAL ROBBERY - NO WEAPON,,"2255 S El Camino Real, Oceanside, CA 92054",,,
Target,2255,OTHER ROBBERY - WEAPON USED,,"2255 S El Camino Real, Oceanside, CA 92054",,,
Target,2255,PETTY THEFT(All Other Larceny) (M),,"2255 S El Camino Real, Oceanside, CA 92054",,,
Target,2255,PETTY THEFT(Shoplift) (M),,"2255 S El Camino Real, Oceanside, CA 92054",,,
Target,2255,PETTY THEFT(Shoplift) (M),,"2255 S El Camino Real, Oceanside, CA 92054",,,
Target,2255,COMMERCIAL ROBBERY - NO WEAPON,,"2255 S El Camino Real, Oceanside, CA 92054",,,
Target,2255,SHOPLIFTING (M),,"2255 S El Camino Real, Oceanside, CA 92054",,,
Target,2255,SHOPLIFTING (M),,"2255 S El Camino Real, Oceanside, CA 92054",,,
Target,2255,PETTY THEFT(Shoplift) (M),,"2255 S El Camino Real, Oceanside, CA 92054",,,
Target,2255,VEHICLE BREAK-IN/THEFT,,"2255 S El Camino Real, Oceanside, CA 92054",,,
Target,2255,DISORDERLY CONDUCT:UNDER INFLUENCE OF DRUG (M),,"2255 S El Camino Real, Oceanside, CA 92054",,,
Target,2255,PETTY THEFT(All Other Larceny) (M),,"2255 S El Camino Real, Oceanside, CA 92054",,,
Target,2255,GRAND THEFT (Shoplifting) (F),,"2255 S El Camino Real, Oceanside, CA 92054",,,
Target,2255,VANDALISM [$400 OR LESS] (M),,"2255 S El Camino Real, Oceanside, CA 92054",,,
Target,2255,PETTY THEFT(Shoplift) (M),,"2255 S El Camino Real, Oceanside, CA 92054",,,
Target,2255,PETTY THEFT(Shoplift) (M),,"2255 S El Camino Real, Oceanside, CA 92054",,,
Target,2255,PETTY THEFT(All Other Larceny) (M),,"2255 S El Camino Real, Oceanside, CA 92054",,,
Target,2255,GRAND THEFT (Shoplifting) (F),,"2255 S El Camino Real, Oceanside, CA 92054",,,
Target,2255,SHOPLIFTING (M),,"2255 S El Camino Real, Oceanside, CA 92054",,,
Target,2255,VANDALISM ($400 OR MORE) (F),,"2255 S El Camino Real, Oceanside, CA 92054",,,
Target,2255,VANDALISM [$400 OR LESS] (M),,"2255 S El Camino Real, Oceanside, CA 92054",,,
Target,2255,PETTY THEFT(Shoplift) (M),,"2255 S El Camino Real, Oceanside, CA 92054",,,
Target,2255,SHOPLIFTING (M),,"2255 S El Camino Real, Oceanside, CA 92054",,,
Target,2255,SHOPLIFTING (M),,"2255 S El Camino Real, Oceanside, CA 92054",,,
Target,2255,ASSAULT W/DEADLY WEAPON:NOT F/ARM (M),,"2255 S El Camino Real, Oceanside, CA 92054",,,
Target,2255,PETTY THEFT FROM LIBRARY OR MERCHANT (M),,"2255 S El Camino Real, Oceanside, CA 92054",,,
Target,2255,VEHICLE BREAK-IN/THEFT,,"2255 S El Camino Real, Oceanside, CA 92054",,,
Target,2255,GRAND THEFT:MONEY/LABOR/PROPERTY (F),,"2255 S El Camino Real, Oceanside, CA 92054",,,
Target,2255,VEHICLE BREAK-IN/THEFT,,"2255 S El Camino Real, Oceanside, CA 92054",,,
Target,2255,GRAND THEFT (Shoplifting) (F),,"2255 S El Camino Real, Oceanside, CA 92054",,,
Target,2255,EXHIBIT DEADLY WEAPON OTHER THAN FIREARM (M),,"2255 S El Camino Real, Oceanside, CA 92054",,,
Target,2255,VANDALISM [$400 OR LESS] (M),,"2255 S El Camino Real, Oceanside, CA 92054",,,
Target,2255,PETTY THEFT(All Other Larceny) (M),,"2255 S El Camino Real, Oceanside, CA 92054",,,
Target,2255,POSS CONTROLLED SUBS PARAPHERNALIA (M),,"2255 S El Camino Real, Oceanside, CA 92054",,,
Target,2255,POSS NARCOTIC CONTROLLED SUBS (M),,"2255 S El Camino Real, Oceanside, CA 92054",,,
Target,2255,COMMERCIAL ROBBERY - NO WEAPON,,"2255 S El Camino Real, Oceanside, CA 92054",,,
Target,2255,FRAUD,,"2255 S El Camino Real, Oceanside, CA 92054",,,
Target,2255,GRAND THEFT:MONEY/LABOR/PROPERTY (F),,"2255 S El Camino Real, Oceanside, CA 92054",,,
Target,2255,SHOPLIFTING (M),,"2255 S El Camino Real, Oceanside, CA 92054",,,
Target,2255,FRAUD,,"2255 S El Camino Real, Oceanside, CA 92054",,,
Target,2255,PETTY THEFT(All Other Larceny) (M),,"2255 S El Camino Real, Oceanside, CA 92054",,,
Target,2255,PETTY THEFT(Shoplift) (M),,"2255 S El Camino Real, Oceanside, CA 92054",,,
Target,2255,PETTY THEFT(Shoplift) (M),,"2255 S El Camino Real, Oceanside, CA 92054",,,
Target,2255,GRAND THEFT:MONEY/LABOR/PROPERTY (F),,"2255 S El Camino Real, Oceanside, CA 92054",,,
Target,2255,VEHICLE BREAK-IN/THEFT,,"2255 S El Camino Real, Oceanside, CA 92054",,,
Target,2255,VEHICLE BREAK-IN/THEFT,,"2255 S El Camino Real, Oceanside, CA 92054",,,
Target,2255,VEHICLE BREAK-IN/THEFT,,"2255 S El Camino Real, Oceanside, CA 92054",,,
Target,2255,VEHICLE BREAK-IN/THEFT,,"2255 S El Camino Real, Oceanside, CA 92054",,,
Target,2255,THEFT NOT EXCEEDING $950 (M),,"2255 S El Camino Real, Oceanside, CA 92054",,,
Target,2255,BATTERY ON PERSON (M),,"2255 S El Camino Real, Oceanside, CA 92054",,,
Target,2255,SHOPLIFTING (M),,"2255 S El Camino Real, Oceanside, CA 92054",,,
Target,2255,PETTY THEFT(Shoplift) (M),,"2255 S El Camino Real, Oceanside, CA 92054",,,
Target,2255,SHOPLIFTING (M),,"2255 S El Camino Real, Oceanside, CA 92054",,,
Target,2255,SHOPLIFTING (M),,"2255 S El Camino Real, Oceanside, CA 92054",,,
Target,2255,VEHICLE BREAK-IN/THEFT,,"2255 S El Camino Real, Oceanside, CA 92054",,,
Target,2255,SHOPLIFTING (M),,"2255 S El Camino Real, Oceanside, CA 92054",,,
Target,2255,PETTY THEFT(from Building) (M),,"2255 S El Camino Real, Oceanside, CA 92054",,,
Target,2255,RESIDENTIAL BURGLARY,,"2255 S El Camino Real, Oceanside, CA 92054",,,
Target,2255,PETTY THEFT(Shoplift) (M),,"2255 S El Camino Real, Oceanside, CA 92054",,,
Target,2255,SHOPLIFTING (M),,"2255 S El Camino Real, Oceanside, CA 92054",,,
Target,2255,VEHICLE BREAK-IN/THEFT,,"2255 S El Camino Real, Oceanside, CA 92054",,,
Target,2255,PETTY THEFT(All Other Larceny) (M),,"2255 S El Camino Real, Oceanside, CA 92054",,,
Target,2255,GRAND THEFT:MONEY/LABOR/PROPERTY (F),,"2255 S El Camino Real, Oceanside, CA 92054",,,
Target,2255,GRAND THEFT:MONEY/LABOR/PROPERTY (F),,"2255 S El Camino Real, Oceanside, CA 92054",,,
Target,2255,PETTY THEFT(Shoplift) (M),,"2255 S El Camino Real, Oceanside, CA 92054",,,
Target,2255,POSS CONTROLLED SUBS PARAPHERNALIA (M),,"2255 S El Camino Real, Oceanside, CA 92054",,,
Target,2255,PETTY THEFT FROM LIBRARY OR MERCHANT (M),,"2255 S El Camino Real, Oceanside, CA 92054",,,
Target,2255,PETTY THEFT(All Other Larceny) (M),,"2255 S El Camino Real, Oceanside, CA 92054",,,
Target,2255,COMMERCIAL ROBBERY - NO WEAPON,,"2255 S El Camino Real, Oceanside, CA 92054",,,
Target,2255,PETTY THEFT(Shoplift) (M),,"2255 S El Camino Real, Oceanside, CA 92054",,,
Target,2255,BATTERY W/SER BODILY INJURY (F),,"2255 S El Camino Real, Oceanside, CA 92054",,,
Target,2255,GRAND THEFT:MONEY/LABOR/PROPERTY (F),,"2255 S El Camino Real, Oceanside, CA 92054",,,
Target,2255,PETTY THEFT(Shoplift) (M),,"2255 S El Camino Real, Oceanside, CA 92054",,,
Target,2255,PETTY THEFT(Shoplift) (M),,"2255 S El Camino Real, Oceanside, CA 92054",,,
Target,2255,STREET ROBBERY - WEAPON USED,,"2255 S El Camino Real, Oceanside, CA 92054",,,
Target,2255,PETTY THEFT(All Other Larceny) (M),,"2255 S El Camino Real, Oceanside, CA 92054",,,
Target,2255,VEHICLE BREAK-IN/THEFT,,"2255 S El Camino Real, Oceanside, CA 92054",,,
Target,2255,PETTY THEFT(Shoplift) (M),,"2255 S El Camino Real, Oceanside, CA 92054",,,
Target,2255,SHOPLIFTING (M),,"2255 S El Camino Real, Oceanside, CA 92054",,,
Target,2255,POSS CONTROLLED SUBS FOR SALE (F),,"2255 S El Camino Real, Oceanside, CA 92054",,,
Target,2255,POSS CONTROLLED SUBS PARAPHERNALIA (M),,"2255 S El Camino Real, Oceanside, CA 92054",,,
Target,2255,POSSESS CONTROLLED SUBSTANCE (M),,"2255 S El Camino Real, Oceanside, CA 92054",,,
Target,2255,PETTY THEFT(Shoplift) (M),,"2255 S El Camino Real, Oceanside, CA 92054",,,
Target,2255,VANDALISM ($400 OR MORE) (F),,"2255 S El Camino Real, Oceanside, CA 92054",,,
Target,2255,PETTY THEFT(Shoplift) (M),,"2255 S El Camino Real, Oceanside, CA 92054",,,
Target,2255,SHOPLIFTING (M),,"2255 S El Camino Real, Oceanside, CA 92054",,,
Target,2255,OTHER SEX CRIME,,"2255 S El Camino Real, Oceanside, CA 92054",,,
Target,2255,BATTERY ON PERSON (M),,"2255 S El Camino Real, Oceanside, CA 92054",,,
Target,2255,THEFT OF MERCHANDISE W/ INTENT TO SELL/EXCHANGE: OVER $950 (F),,"2255 S El Camino Real, Oceanside, CA 92054",,,
Target,2255,VEHICLE BREAK-IN/THEFT,,"2255 S El Camino Real, Oceanside, CA 92054",,,
Target,2255,VEHICLE BREAK-IN/THEFT,,"2255 S El Camino Real, Oceanside, CA 92054",,,
Target,2255,PETTY THEFT(Shoplift) (M),,"2255 S El Camino Real, Oceanside, CA 92054",,,
Target,2255,THEFT OF MERCHANDISE W/ INTENT TO SELL - POSSESSION: OVER $950 (F),,"2255 S El Camino Real, Oceanside, CA 92054",,,
Target,2255,GRAND THEFT:MONEY/LABOR/PROPERTY (F),,"2255 S El Camino Real, Oceanside, CA 92054",,,
Target,2255,ARSON:INHABITED STRUCTURE/PROP (F),,"2255 S El Camino Real, Oceanside, CA 92054",,,
Target,2255,PETTY THEFT(All Other Larceny) (M),,"2255 S El Camino Real, Oceanside, CA 92054",,,
Target,2255,SHOPLIFTING (M),,"2255 S El Camino Real, Oceanside, CA 92054",,,
Target,2255,PETTY THEFT(Shoplift) (M),,"2255 S El Camino Real, Oceanside, CA 92054",,,
Target,2255,SHOPLIFTING (M),,"2255 S El Camino Real, Oceanside, CA 92054",,,
Target,2255,POSSESS CONTROLLED SUBSTANCE (M),,"2255 S El Camino Real, Oceanside, CA 92054",,,
Target,2255,POSSESS CONTROLLED SUBSTANCE (M),,"2255 S El Camino Real, Oceanside, CA 92054",,,
Target,2255,OTHER SEX CRIME,,"2255 S El Camino Real, Oceanside, CA 92054",,,
Target,2255,PETTY THEFT(Shoplift) (M),,"2255 S El Camino Real, Oceanside, CA 92054",,,
Target,2255,PETTY THEFT(Shoplift) (M),,"2255 S El Camino Real, Oceanside, CA 92054",,,
Target,2255,FRAUD,,"2255 S El Camino Real, Oceanside, CA 92054",,,
Target,2255,PETTY THEFT(All Other Larceny) (M),,"2255 S El Camino Real, Oceanside, CA 92054",,,
Target,2255,SIMPLE BATTERY (M),,"2255 S El Camino Real, Oceanside, CA 92054",,,
Target,2255,SHOPLIFTING (M),,"2255 S El Camino Real, Oceanside, CA 92054",,,
Target,2255,PETTY THEFT(Shoplift) (M),,"2255 S El Camino Real, Oceanside, CA 92054",,,
Target,1751,DISORD CONDUCT:ALC,,"1751 University Dr, Vista, CA 92083",,,
Target,1751,BATTERY ON PERSON,,"1751 University Dr, Vista, CA 92083",,,
Target,1751,TREATMENT MANDATED FELONY ACT/MISD POSS W/ 2 PRIORS,,"1751 University Dr, Vista, CA 92083",,,
Target,1751,POSSESS CONTROLLED SUBSTANCE,,"1751 University Dr, Vista, CA 92083",,,
Target,1751,SHOPLIFTING,,"1751 University Dr, Vista, CA 92083",,,
Target,1751,POSSESS CONTROLLED SUBSTANCE,,"1751 University Dr, Vista, CA 92083",,,
Target,1751,SHOPLIFTING,,"1751 University Dr, Vista, CA 92083",,,
Target,1751,TAKE VEHICLE W/O OWNER'S CONSENT/VEHICLE THEFT,,"1751 University Dr, Vista, CA 92083",,,
Target,1751,SHOPLIFTING,,"1751 University Dr, Vista, CA 92083",,,
Target,1751,PETTY THEFT(SHOPLIFT),,"1751 University Dr, Vista, CA 92083",,,
Target,1751,SHOPLIFTING,,"1751 University Dr, Vista, CA 92083",,,
Target,1751,VEHICLE BREAK-IN/THEFT,,"1751 University Dr, Vista, CA 92083",,,
Target,1751,SHOPLIFTING,,"1751 University Dr, Vista, CA 92083",,,
Target,1751,VEHICLE BREAK-IN/THEFT,,"1751 University Dr, Vista, CA 92083",,,
Target,1751,POSS NARCOTIC CONTROLLED SUBS,,"1751 University Dr, Vista, CA 92083",,,
Target,1751,SHOPLIFTING,,"1751 University Dr, Vista, CA 92083",,,
Target,1751,GRAND THEFT (SHOPLIFTING),,"1751 University Dr, Vista, CA 92083",,,
Target,1751,COMMERCIAL ROBBERY - WEAPON USED,,"1751 University Dr, Vista, CA 92083",,,
Target,1751,PETTY THEFT(FROM BUILDING),,"1751 University Dr, Vista, CA 92083",,,
Target,1751,SHOPLIFTING,,"1751 University Dr, Vista, CA 92083",,,
Target,1751,TREATMENT MANDATED FELONY ACT/MISD POSS W/ 2 PRIORS,,"1751 University Dr, Vista, CA 92083",,,
Target,1751,SHOPLIFTING,,"1751 University Dr, Vista, CA 92083",,,
Target,1751,SHOPLIFTING,,"1751 University Dr, Vista, CA 92083",,,
Target,1751,POSS NARCOTIC CONTROLLED SUBS,,"1751 University Dr, Vista, CA 92083",,,
Target,1751,POSS NARCOTIC CONTROLLED SUBS,,"1751 University Dr, Vista, CA 92083",,,
Target,1751,ACTIONS LIKELY TO CAUSE HARM/DEATH OF ELDER /DEPENDENT ADULT,,"1751 University Dr, Vista, CA 92083",,,
Target,1751,COMMERCIAL BURGLARY,,"1751 University Dr, Vista, CA 92083",,,
Target,1751,RESIDENTIAL BURGLARY,,"1751 University Dr, Vista, CA 92083",,,
Target,1751,GRAND THEFT (SHOPLIFTING),,"1751 University Dr, Vista, CA 92083",,,
Target,1751,VANDALISM ($400 OR MORE),,"1751 University Dr, Vista, CA 92083",,,
Target,1751,SHOPLIFTING,,"1751 University Dr, Vista, CA 92083",,,
Target,1751,VEHICLE BREAK-IN/THEFT,,"1751 University Dr, Vista, CA 92083",,,
Target,1751,SHOPLIFTING,,"1751 University Dr, Vista, CA 92083",,,
Target,1751,USE/UNDER INFL OF CONTROLLED SUBS,,"1751 University Dr, Vista, CA 92083",,,
Target,1751,POSS CONTROLLED SUBS PARAPHERNALIA,,"1751 University Dr, Vista, CA 92083",,,
Target,1751,ADW WITH FORCE:POSSIBLE GBI,,"1751 University Dr, Vista, CA 92083",,,
Target,1751,TAKE VEHICLE W/O OWNER'S CONSENT/VEHICLE THEFT,,"1751 University Dr, Vista, CA 92083",,,
Target,1751,SHOPLIFTING,,"1751 University Dr, Vista, CA 92083",,,
Target,1751,SHOPLIFTING,,"1751 University Dr, Vista, CA 92083",,,
Target,1751,USE/UNDER INFL OF CONTROLLED SUBS,,"1751 University Dr, Vista, CA 92083",,,
Target,1751,SHOPLIFTING,,"1751 University Dr, Vista, CA 92083",,,
Target,1751,SHOPLIFTING,,"1751 University Dr, Vista, CA 92083",,,
Target,1751,ASSAULT W/DEADLY WEAPON:NOT F/ARM,,"1751 University Dr, Vista, CA 92083",,,
Target,1751,GRAND THEFT:MONEY/LABOR/PROPERTY,,"1751 University Dr, Vista, CA 92083",,,
Target,1751,PETTY THEFT(SHOPLIFT),,"1751 University Dr, Vista, CA 92083",,,
Target,1751,SHOPLIFTING,,"1751 University Dr, Vista, CA 92083",,,
Target,1751,SPOUSAL/COHABITANT ABUSE WITH SERIOUS INJURY,,"1751 University Dr, Vista, CA 92083",,,
Target,1751,SHOPLIFTING,,"1751 University Dr, Vista, CA 92083",,,
Target,1751,POSSESS CONTROLLED SUBSTANCE,,"1751 University Dr, Vista, CA 92083",,,
Target,1751,VANDALISM ($400 OR MORE),,"1751 University Dr, Vista, CA 92083",,,
Target,1751,PETTY THEFT(SHOPLIFT),,"1751 University Dr, Vista, CA 92083",,,
Target,1751,SHOPLIFTING,,"1751 University Dr, Vista, CA 92083",,,
Target,1751,COMMERCIAL BURGLARY,,"1751 University Dr, Vista, CA 92083",,,
Target,1751,TAKE VEHICLE W/O OWNER'S CONSENT/VEHICLE THEFT,,"1751 University Dr, Vista, CA 92083",,,
Target,1751,VANDALISM ($400 OR MORE),,"1751 University Dr, Vista, CA 92083",,,
Target,1751,SPOUSAL/COHABITANT ABUSE WITH MINOR INJURY,,"1751 University Dr, Vista, CA 92083",,,
Target,1751,SHOPLIFTING,,"1751 University Dr, Vista, CA 92083",,,
Target,1751,PETTY THEFT(SHOPLIFT),,"1751 University Dr, Vista, CA 92083",,,
Target,1751,SHOPLIFTING,,"1751 University Dr, Vista, CA 92083",,,
Target,1751,SHOPLIFTING,,"1751 University Dr, Vista, CA 92083",,,
Target,1751,THREATEN CRIME WITH INTENT TO TERRORIZE (M),,"1751 University Dr, Vista, CA 92083",,,
Target,1751,USE/UNDER INFL OF CONTROLLED SUBS (M),,"1751 University Dr, Vista, CA 92083",,,
Target,1751,STREET ROBBERY - NO WEAPON,,"1751 University Dr, Vista, CA 92083",,,
Target,1751,SHOPLIFTING (M),,"1751 University Dr, Vista, CA 92083",,,
Target,1751,POSSESS CONTROLLED SUBSTANCE (M),,"1751 University Dr, Vista, CA 92083",,,
Target,1751,BATTERY ON PERSON (M),,"1751 University Dr, Vista, CA 92083",,,
Target,1751,PETTY THEFT(Shoplift) (M),,"1751 University Dr, Vista, CA 92083",,,
Target,1751,DISORD CONDUCT:ALC (M),,"1751 University Dr, Vista, CA 92083",,,
Target,1751,MANUFACTURE/SALE/POSSESS/ETC METAL KNUCKLES (F),,"1751 University Dr, Vista, CA 92083",,,
Target,1751,SHOPLIFTING (M),,"1751 University Dr, Vista, CA 92083",,,
Target,1751,SHOPLIFTING (M),,"1751 University Dr, Vista, CA 92083",,,
Target,1751,POSS NARCOTIC CONTROLLED SUBS (M),,"1751 University Dr, Vista, CA 92083",,,
Target,1751,SHOPLIFTING (M),,"1751 University Dr, Vista, CA 92083",,,
Target,1751,RESIDENTIAL ROBBERY - NO WEAPON,,"1751 University Dr, Vista, CA 92083",,,
Target,1751,SHOPLIFTING (M),,"1751 University Dr, Vista, CA 92083",,,
Target,1751,TAKE VEHICLE W/O OWNER'S CONSENT/VEHICLE THEFT (F),,"1751 University Dr, Vista, CA 92083",,,
Target,1751,POSSESS CONTROLLED SUBSTANCE (M),,"1751 University Dr, Vista, CA 92083",,,
Target,1751,VANDALISM ($400 OR MORE) (F),,"1751 University Dr, Vista, CA 92083",,,
Target,1751,CARRY SWITCHBLADE KNIFE ON PERSON (M),,"1751 University Dr, Vista, CA 92083",,,
Target,1751,POSSESS CONTROLLED SUBSTANCE (M),,"1751 University Dr, Vista, CA 92083",,,
Target,1751,DUI ALCOHOL (M),,"1751 University Dr, Vista, CA 92083",,,
Target,1751,DUI ALCOHOL (M),,"1751 University Dr, Vista, CA 92083",,,
Target,1751,POSSESS CONTROLLED SUBSTANCE (M),,"1751 University Dr, Vista, CA 92083",,,
Target,1751,POSSESS CONTROLLED SUBSTANCE (M),,"1751 University Dr, Vista, CA 92083",,,
Target,1751,SHOPLIFTING (M),,"1751 University Dr, Vista, CA 92083",,,
Target,1751,SHOPLIFTING (M),,"1751 University Dr, Vista, CA 92083",,,
Target,1751,POSSESS MARIJUANA 1 OZ OR LESS WHILE DRIVING (I),,"1751 University Dr, Vista, CA 92083",,,
Target,1751,SHOPLIFTING (M),,"1751 University Dr, Vista, CA 92083",,,
Target,1751,VEHICLE BREAK-IN/THEFT,,"1751 University Dr, Vista, CA 92083",,,
Target,1751,SHOPLIFTING (M),,"1751 University Dr, Vista, CA 92083",,,
Target,1751,DUI ALCOHOL (M),,"1751 University Dr, Vista, CA 92083",,,
Target,1751,COMMERCIAL BURGLARY,,"1751 University Dr, Vista, CA 92083",,,
Target,1751,SHOPLIFTING (M),,"1751 University Dr, Vista, CA 92083",,,
Target,1751,VEHICLE BREAK-IN/THEFT,,"1751 University Dr, Vista, CA 92083",,,
Target,1751,SHOPLIFTING (M),,"1751 University Dr, Vista, CA 92083",,,
Target,1751,PETTY THEFT(Shoplift) (M),,"1751 University Dr, Vista, CA 92083",,,
Target,1751,POSS NARCOTIC CONTROLLED SUBS (M),,"1751 University Dr, Vista, CA 92083",,,
Target,1751,POSS CONTROLLED SUBS PARAPHERNALIA (M),,"1751 University Dr, Vista, CA 92083",,,
Target,1751,VANDALISM [$400 OR LESS] (M),,"1751 University Dr, Vista, CA 92083",,,
Target,1751,GRAND THEFT (Shoplifting) (F),,"1751 University Dr, Vista, CA 92083",,,
Target,1751,VEHICLE BREAK-IN/THEFT,,"1751 University Dr, Vista, CA 92083",,,
Target,1751,BATTERY ON PERSON (M),,"1751 University Dr, Vista, CA 92083",,,
Target,1751,DISORDERLY CONDUCT:INTOX DRUG WITH ALCOHOL (M),,"1751 University Dr, Vista, CA 92083",,,
Target,1751,USE/UNDER INFL OF CONTROLLED SUBS (M),,"1751 University Dr, Vista, CA 92083",,,
Target,1751,FELON/ADDICT/POSSESS/ETC FIREARM (F),,"1751 University Dr, Vista, CA 92083",,,
Target,1751,SHOPLIFTING (M),,"1751 University Dr, Vista, CA 92083",,,
Target,1751,POSS NARCOTIC CONTROLLED SUBS (M),,"1751 University Dr, Vista, CA 92083",,,
Target,1751,POSS CONTROLLED SUBS PARAPHERNALIA (M),,"1751 University Dr, Vista, CA 92083",,,
Target,1751,USE/UNDER INFL OF CONTROLLED SUBS (M),,"1751 University Dr, Vista, CA 92083",,,
Target,1751,DUI ALCOHOL (M),,"1751 University Dr, Vista, CA 92083",,,
Target,1751,SHOPLIFTING (M),,"1751 University Dr, Vista, CA 92083",,,
Target,1751,POSSESS SWITCHBLADE IN VEHICLE (M),,"1751 University Dr, Vista, CA 92083",,,
Target,1751,POSSESS CONTROLLED SUBSTANCE (M),,"1751 University Dr, Vista, CA 92083",,,
Target,1751,COMMERCIAL ROBBERY - NO WEAPON,,"1751 University Dr, Vista, CA 92083",,,
Target,1751,CAUSE HARM/DEATH OF ELDER /DEPENDENT ADULT (F),,"1751 University Dr, Vista, CA 92083",,,
Target,1751,USE/UNDER INFL OF CONTROLLED SUBS (M),,"1751 University Dr, Vista, CA 92083",,,
Target,1751,SHOPLIFTING (M),,"1751 University Dr, Vista, CA 92083",,,
Target,1751,SHOPLIFTING (M),,"1751 University Dr, Vista, CA 92083",,,
Target,1751,SHOPLIFTING (M),,"1751 University Dr, Vista, CA 92083",,,
Target,1751,PETTY THEFT(Shoplift) (M),,"1751 University Dr, Vista, CA 92083",,,
Target,1751,COMMERCIAL ROBBERY - WEAPON USED,,"1751 University Dr, Vista, CA 92083",,,
Target,1751,SHOPLIFTING,,"1751 University Dr, Vista, CA 92083",,,
Target,1751,GRAND THEFT (SHOPLIFTING),,"1751 University Dr, Vista, CA 92083",,,
Target,1751,POSS CONTROLLED SUBS PARAPHERNALIA,,"1751 University Dr, Vista, CA 92083",,,
Target,1751,POSS CONTROLLED SUBS PARAPHERNALIA,,"1751 University Dr, Vista, CA 92083",,,
Target,1751,PETTY THEFT(SHOPLIFT),,"1751 University Dr, Vista, CA 92083",,,
Target,1751,VEHICLE BREAK-IN/THEFT,,"1751 University Dr, Vista, CA 92083",,,
Target,1751,USE/UNDER INFL OF CONTROLLED SUBS (M),,"1751 University Dr, Vista, CA 92083",,,
Target,1751,COMMERCIAL ROBBERY - NO WEAPON,,"1751 University Dr, Vista, CA 92083",,,
Target,1751,POSS CONTROLLED SUBS PARAPHERNALIA (M),,"1751 University Dr, Vista, CA 92083",,,
Target,1751,POSS CONTROLLED SUBS PARAPHERNALIA (M),,"1751 University Dr, Vista, CA 92083",,,
Target,1751,BATTERY ON PERSON (M),,"1751 University Dr, Vista, CA 92083",,,
Target,1751,TAKE VEHICLE W/O OWNER'S CONSENT/VEHICLE THEFT (F),,"1751 University Dr, Vista, CA 92083",,,
Target,1751,FRAUD,,"1751 University Dr, Vista, CA 92083",,,
Target,1010,SHOPLIFTING,,"1010 N El Camino Real, Encinitas, CA 92024",,,
Target,1010,COMMERCIAL ROBBERY - NO WEAPON,,"1010 N El Camino Real, Encinitas, CA 92024",,,
Target,1010,VEHICLE BREAK-IN/THEFT,,"1010 N El Camino Real, Encinitas, CA 92024",,,
Target,1010,DISORD CONDUCT:ALC,,"1010 N El Camino Real, Encinitas, CA 92024",,,
Target,1010,SIMPLE BATTERY,,"1010 N El Camino Real, Encinitas, CA 92024",,,
Target,1010,DISORDERLY CONDUCT:INTOX DRUG WITH ALCOHOL,,"1010 N El Camino Real, Encinitas, CA 92024",,,
Target,1010,PETTY THEFT W/ 2 PRIOR CONVICTIONS,,"1010 N El Camino Real, Encinitas, CA 92024",,,
Target,1010,PETTY THEFT(SHOPLIFT),,"1010 N El Camino Real, Encinitas, CA 92024",,,
Target,1010,PETTY THEFT(SHOPLIFT),,"1010 N El Camino Real, Encinitas, CA 92024",,,
Target,1010,PETTY THEFT(SHOPLIFT),,"1010 N El Camino Real, Encinitas, CA 92024",,,
Target,1010,THEFT,,"1010 N El Camino Real, Encinitas, CA 92024",,,
Target,1010,PETTY THEFT(ALL OTHER LARCENY),,"1010 N El Camino Real, Encinitas, CA 92024",,,
Target,1010,PETTY THEFT(SHOPLIFT),,"1010 N El Camino Real, Encinitas, CA 92024",,,
Target,1010,GRAND THEFT (SHOPLIFTING),,"1010 N El Camino Real, Encinitas, CA 92024",,,
Target,1010,PETTY THEFT(SHOPLIFT),,"1010 N El Camino Real, Encinitas, CA 92024",,,
Target,1010,SIMPLE BATTERY,,"1010 N El Camino Real, Encinitas, CA 92024",,,
Target,1010,PETTY THEFT(FROM BUILDING),,"1010 N El Camino Real, Encinitas, CA 92024",,,
Target,1010,PETTY THEFT(FROM BUILDING),,"1010 N El Camino Real, Encinitas, CA 92024",,,
Target,1010,PETTY THEFT(SHOPLIFT),,"1010 N El Camino Real, Encinitas, CA 92024",,,
Target,1010,PETTY THEFT(ALL OTHER LARCENY),,"1010 N El Camino Real, Encinitas, CA 92024",,,
Target,1010,GRAND THEFT (SHOPLIFTING),,"1010 N El Camino Real, Encinitas, CA 92024",,,
Target,1010,PETTY THEFT(SHOPLIFT),,"1010 N El Camino Real, Encinitas, CA 92024",,,
Target,1010,GRAND THEFT (SHOPLIFTING),,"1010 N El Camino Real, Encinitas, CA 92024",,,
Target,1010,GRAND THEFT (SHOPLIFTING),,"1010 N El Camino Real, Encinitas, CA 92024",,,
Target,1010,PETTY THEFT(SHOPLIFT),,"1010 N El Camino Real, Encinitas, CA 92024",,,
Target,1010,SIMPLE BATTERY,,"1010 N El Camino Real, Encinitas, CA 92024",,,
Target,1010,PETTY THEFT(SHOPLIFT),,"1010 N El Camino Real, Encinitas, CA 92024",,,
Target,1010,PETTY THEFT(SHOPLIFT),,"1010 N El Camino Real, Encinitas, CA 92024",,,
Target,1010,GRAND THEFT (THEFT FROM BUILDING),,"1010 N El Camino Real, Encinitas, CA 92024",,,
Target,1010,BATTERY:SPOUSE/EX SPOUSE/DATE/ETC,,"1010 N El Camino Real, Encinitas, CA 92024",,,
Target,1010,COMMERCIAL BURGLARY,,"1010 N El Camino Real, Encinitas, CA 92024",,,
Target,1010,SHOPLIFTING,,"1010 N El Camino Real, Encinitas, CA 92024",,,
Target,1010,VEHICLE BREAK-IN/THEFT,,"1010 N El Camino Real, Encinitas, CA 92024",,,
Target,1010,RESIDENTIAL BURGLARY,,"1010 N El Camino Real, Encinitas, CA 92024",,,
Target,1010,PETTY THEFT W/ 2 PRIOR CONVICTIONS,,"1010 N El Camino Real, Encinitas, CA 92024",,,
Target,1010,GRAND THEFT (SHOPLIFTING),,"1010 N El Camino Real, Encinitas, CA 92024",,,
Target,1010,DISORD CONDUCT:ALC,,"1010 N El Camino Real, Encinitas, CA 92024",,,
Target,1010,PETTY THEFT(SHOPLIFT),,"1010 N El Camino Real, Encinitas, CA 92024",,,
Target,1010,SHOPLIFTING,,"1010 N El Camino Real, Encinitas, CA 92024",,,
Target,1010,SIMPLE BATTERY,,"1010 N El Camino Real, Encinitas, CA 92024",,,
Target,1010,SIMPLE BATTERY,,"1010 N El Camino Real, Encinitas, CA 92024",,,
Target,1010,PETTY THEFT(SHOPLIFT),,"1010 N El Camino Real, Encinitas, CA 92024",,,
Target,1010,DUI ALCOHOL,,"1010 N El Camino Real, Encinitas, CA 92024",,,
Target,1010,PETTY THEFT(SHOPLIFT),,"1010 N El Camino Real, Encinitas, CA 92024",,,
Target,1010,PETTY THEFT(SHOPLIFT),,"1010 N El Camino Real, Encinitas, CA 92024",,,
Target,1010,GRAND THEFT (SHOPLIFTING),,"1010 N El Camino Real, Encinitas, CA 92024",,,
Target,1010,VANDALISM ($400 OR MORE),,"1010 N El Camino Real, Encinitas, CA 92024",,,
Target,1010,SHOPLIFTING (M),,"1010 N El Camino Real, Encinitas, CA 92024",,,
Target,1010,POSSESS CONTROLLED SUBSTANCE (M),,"1010 N El Camino Real, Encinitas, CA 92024",,,
Target,1010,POSSESS CONTROLLED SUBSTANCE (M),,"1010 N El Camino Real, Encinitas, CA 92024",,,
Target,1010,USE/UNDER INFL OF CONTROLLED SUBS (M),,"1010 N El Camino Real, Encinitas, CA 92024",,,
Target,1010,GRAND THEFT (SHOPLIFTING),,"1010 N El Camino Real, Encinitas, CA 92024",,,
Target,1010,SHOPLIFTING (M),,"1010 N El Camino Real, Encinitas, CA 92024",,,
Target,1010,PETTY THEFT(Shoplift) (M),,"1010 N El Camino Real, Encinitas, CA 92024",,,
Target,1010,SHOPLIFTING (M),,"1010 N El Camino Real, Encinitas, CA 92024",,,
Target,1010,VANDALISM ($400 OR MORE) (F),,"1010 N El Camino Real, Encinitas, CA 92024",,,
Target,1010,SHOPLIFTING (M),,"1010 N El Camino Real, Encinitas, CA 92024",,,
Target,1010,SHOPLIFTING (M),,"1010 N El Camino Real, Encinitas, CA 92024",,,
Target,1010,PETTY THEFT(All Other Larceny) (M),,"1010 N El Camino Real, Encinitas, CA 92024",,,
Target,1010,FRAUD,,"1010 N El Camino Real, Encinitas, CA 92024",,,
Target,1010,SHOPLIFTING (M),,"1010 N El Camino Real, Encinitas, CA 92024",,,
Target,1010,PETTY THEFT(Shoplift) (M),,"1010 N El Camino Real, Encinitas, CA 92024",,,
Target,1010,GRAND THEFT:MONEY/LABOR/PROPERTY (F),,"1010 N El Camino Real, Encinitas, CA 92024",,,
Target,1010,GRAND THEFT:MONEY/LABOR/PROPERTY (F),,"1010 N El Camino Real, Encinitas, CA 92024",,,
Target,1010,SHOPLIFTING (M),,"1010 N El Camino Real, Encinitas, CA 92024",,,
Target,1010,SHOPLIFTING (M),,"1010 N El Camino Real, Encinitas, CA 92024",,,
Target,1010,ASSAULT W/DEADLY WEAPON:NOT F/ARM (F),,"1010 N El Camino Real, Encinitas, CA 92024",,,
Target,1010,PETTY THEFT(Shoplift) (M),,"1010 N El Camino Real, Encinitas, CA 92024",,,
Target,1010,GRAND THEFT (Shoplifting) (F),,"1010 N El Camino Real, Encinitas, CA 92024",,,
Target,1010,PETTY THEFT(Shoplift) (M),,"1010 N El Camino Real, Encinitas, CA 92024",,,
Target,1010,COMMERCIAL BURGLARY,,"1010 N El Camino Real, Encinitas, CA 92024",,,
Target,1010,GRAND THEFT (Shoplifting) (F),,"1010 N El Camino Real, Encinitas, CA 92024",,,
Target,1010,GRAND THEFT:MONEY/LABOR/PROPERTY (F),,"1010 N El Camino Real, Encinitas, CA 92024",,,
Target,1010,GRAND THEFT:MONEY/LABOR/PROPERTY (F),,"1010 N El Camino Real, Encinitas, CA 92024",,,
Target,1010,GRAND THEFT (Shoplifting) (F),,"1010 N El Camino Real, Encinitas, CA 92024",,,
Target,1010,POSS CONTROLLED SUBS PARAPHERNALIA (M),,"1010 N El Camino Real, Encinitas, CA 92024",,,
Target,1010,POSS CONTROLLED SUBS PARAPHERNALIA (M),,"1010 N El Camino Real, Encinitas, CA 92024",,,
Target,1010,SHOPLIFTING (M),,"1010 N El Camino Real, Encinitas, CA 92024",,,
